old_isin,canonical_isin,effective_from,effective_to,chain_depth,confidence,source
IN6898S01029,IN6898S01029,1900-01-01,2015-11-13,0,SELF,isin_mapping_final.csv:ca_date
IN6898S01029,INE898S01029,2015-11-13,2999-12-31,1,HIGH,isin_mapping_final.csv:ca_date
IN8001A01019,IN8001A01019,1900-01-01,2020-08-12,0,SELF,isin_mapping_final.csv:ca_date
IN8001A01019,INE001A01036,2020-08-12,2999-12-31,1,MEDIUM,isin_mapping_final.csv:ca_date
IN8002A01017,IN8002A01017,1900-01-01,2017-09-21,0,SELF,isin_mapping_final.csv:ca_date
IN8002A01017,INE002A01018,2017-09-21,2999-12-31,1,HIGH,isin_mapping_final.csv:ca_date
IN8002A01025,IN8002A01025,1900-01-01,2020-06-15,0,SELF,isin_mapping_final.csv:ca_date
IN8002A01025,IN9002A01024,2020-06-15,2020-06-30,1,HIGH,isin_mapping_final.csv:ca_date
IN8002A01025,INE002A01018,2020-06-30,2999-12-31,2,HIGH,isin_mapping_final.csv:ca_date
IN8008A01014,IN8008A01014,1900-01-01,2020-12-21,0,SELF,isin_mapping_final.csv:ca_date
IN8008A01014,INE008A01015,2020-12-21,2999-12-31,1,HIGH,isin_mapping_final.csv:ca_date
IN8008I01017,IN8008I01017,1900-01-01,2014-11-28,0,SELF,isin_mapping_final.csv:ca_date
IN8008I01017,INE008I01026,2014-11-28,2999-12-31,1,HIGH,isin_mapping_final.csv:ca_date
IN800FF01018,IN800FF01018,1900-01-01,2024-06-25,0,SELF,isin_mapping_final.csv:ca_date
IN800FF01018,INE00FF01017,2024-06-25,2999-12-31,1,MEDIUM,isin_mapping_final.csv:ca_date
IN800LO01018,IN800LO01018,1900-01-01,2024-06-26,0,SELF,isin_mapping_final.csv:ca_date
IN800LO01018,INE00LO01017,2024-06-26,2999-12-31,1,HIGH,isin_mapping_final.csv:ca_date
IN800M201012,IN800M201012,1900-01-01,2023-12-18,0,SELF,isin_mapping_final.csv:ca_date
IN800M201012,INE00M201021,2023-12-18,2999-12-31,1,HIGH,isin_mapping_final.csv:ca_date
IN801P501011,IN801P501011,1900-01-01,2021-09-13,0,SELF,isin_mapping_final.csv:ca_date
IN801P501011,INE01P501012,2021-09-13,2999-12-31,1,HIGH,isin_mapping_final.csv:ca_date
IN801QM01019,IN801QM01019,1900-01-01,2024-01-18,0,SELF,isin_mapping_final.csv:ca_date
IN801QM01019,INE01QM01018,2024-01-18,2999-12-31,1,HIGH,isin_mapping_final.csv:ca_date
IN8024L01018,IN8024L01018,1900-01-01,2024-12-21,0,SELF,isin_mapping_final.csv:ca_date
IN8024L01018,INE024L01027,2024-12-21,2999-12-31,1,HIGH,isin_mapping_final.csv:ca_date
IN8027H01019,IN8027H01019,1900-01-01,2021-03-10,0,SELF,isin_mapping_final.csv:ca_date
IN8027H01019,INE027H01010,2021-03-10,2999-12-31,1,HIGH,isin_mapping_final.csv:ca_date
IN8028A01020,IN8028A01020,1900-01-01,2021-03-04,0,SELF,isin_mapping_final.csv:ca_date
IN8028A01020,INE028A01039,2021-03-04,2999-12-31,1,HIGH,isin_mapping_final.csv:ca_date
IN802PY01014,IN802PY01014,1900-01-01,2024-06-27,0,SELF,isin_mapping_final.csv:ca_date
IN802PY01014,INE02PY01013,2024-06-27,2999-12-31,1,HIGH,isin_mapping_final.csv:ca_date
IN8036D01019,IN8036D01019,1900-01-01,2014-08-27,0,SELF,isin_mapping_final.csv:ca_date
IN8036D01019,INE036D01028,2014-08-27,2999-12-31,1,HIGH,isin_mapping_final.csv:ca_date
IN8038A01011,IN8038A01011,1900-01-01,2017-09-03,0,SELF,isin_mapping_final.csv:ca_date
IN8038A01011,INE038A01020,2017-09-03,2999-12-31,1,HIGH,isin_mapping_final.csv:ca_date
IN803EI01019,IN803EI01019,1900-01-01,2024-09-05,0,SELF,isin_mapping_final.csv:ca_date
IN803EI01019,INE03EI01018,2024-09-05,2999-12-31,1,HIGH,isin_mapping_final.csv:ca_date
IN8040H01012,IN8040H01012,1900-01-01,2023-08-16,0,SELF,isin_mapping_final.csv:ca_date
IN8040H01012,INE040H01021,2023-08-16,2999-12-31,1,HIGH,isin_mapping_final.csv:ca_date
IN8040M01012,IN8040M01012,1900-01-01,2014-12-24,0,SELF,isin_mapping_final.csv:ca_date
IN8040M01012,INE040M01013,2014-12-24,2999-12-31,1,HIGH,isin_mapping_final.csv:ca_date
IN8041025012,IN8041025012,1900-01-01,2020-12-22,0,SELF,isin_mapping_final.csv:ca_date
IN8041025012,INE041025011,2020-12-22,2999-12-31,1,HIGH,isin_mapping_final.csv:ca_date
IN8049A01018,IN8049A01018,1900-01-01,2024-10-31,0,SELF,isin_mapping_final.csv:ca_date
IN8049A01018,INE049A01027,2024-10-31,2999-12-31,1,HIGH,isin_mapping_final.csv:ca_date
IN804TZ01019,IN804TZ01019,1900-01-01,2023-11-06,0,SELF,isin_mapping_final.csv:ca_date
IN804TZ01019,INE04TZ01018,2023-11-06,2999-12-31,1,HIGH,isin_mapping_final.csv:ca_date
IN8052I01023,IN8052I01023,1900-01-01,2016-11-07,0,SELF,isin_mapping_final.csv:ca_date
IN8052I01023,INE052I01032,2016-11-07,2999-12-31,1,HIGH,isin_mapping_final.csv:ca_date
IN8053A01010,IN8053A01010,1900-01-01,2022-03-28,0,SELF,isin_mapping_final.csv:ca_date
IN8053A01010,INE053A01029,2022-03-28,2999-12-31,1,HIGH,isin_mapping_final.csv:ca_date
IN8059B01015,IN8059B01015,1900-01-01,2018-05-25,0,SELF,isin_mapping_final.csv:ca_date
IN8059B01015,INE059B01024,2018-05-25,2999-12-31,1,HIGH,isin_mapping_final.csv:ca_date
IN8062A01029,IN8062A01029,1900-01-01,2017-06-04,0,SELF,isin_mapping_final.csv:ca_date
IN8062A01029,INE062A01020,2017-06-04,2999-12-31,1,HIGH,isin_mapping_final.csv:ca_date
IN8063E01037,IN8063E01037,1900-01-01,2024-12-24,0,SELF,isin_mapping_final.csv:ca_date
IN8063E01037,INE063E01053,2024-12-24,2999-12-31,1,HIGH,isin_mapping_final.csv:ca_date
IN8063P01017,IN8063P01017,1900-01-01,2023-03-10,0,SELF,isin_mapping_final.csv:ca_date
IN8063P01017,INE063P01018,2023-03-10,2999-12-31,1,HIGH,isin_mapping_final.csv:ca_date
IN8064L01014,IN8064L01014,1900-01-01,2014-08-06,0,SELF,isin_mapping_final.csv:ca_date
IN8064L01014,INE064L01015,2014-08-06,2999-12-31,1,MEDIUM,isin_mapping_final.csv:ca_date
IN8069I01019,IN8069I01019,1900-01-01,2022-04-13,0,SELF,isin_mapping_final.csv:ca_date
IN8069I01019,INE069I01010,2022-04-13,2999-12-31,1,HIGH,isin_mapping_final.csv:ca_date
IN8070A01014,IN8070A01014,1900-01-01,2019-11-25,0,SELF,isin_mapping_final.csv:ca_date
IN8070A01014,INE070A01015,2019-11-25,2999-12-31,1,HIGH,isin_mapping_final.csv:ca_date
IN8071N01015,IN8071N01015,1900-01-01,2024-10-25,0,SELF,isin_mapping_final.csv:ca_date
IN8071N01015,INE071N01016,2024-10-25,2999-12-31,1,HIGH,isin_mapping_final.csv:ca_date
IN8073K01017,IN8073K01017,1900-01-01,2024-09-11,0,SELF,isin_mapping_final.csv:ca_date
IN8073K01017,INE073K01018,2024-09-11,2999-12-31,1,HIGH,isin_mapping_final.csv:ca_date
IN807K301015,IN807K301015,1900-01-01,2024-12-24,0,SELF,isin_mapping_final.csv:ca_date
IN807K301015,INE07K301024,2024-12-24,2999-12-31,1,HIGH,isin_mapping_final.csv:ca_date
IN807T201018,IN807T201018,1900-01-01,2022-02-17,0,SELF,isin_mapping_final.csv:ca_date
IN807T201018,INE07T201019,2022-02-17,2999-12-31,1,HIGH,isin_mapping_final.csv:ca_date
IN8083A01017,IN8083A01017,1900-01-01,2024-08-07,0,SELF,isin_mapping_final.csv:ca_date
IN8083A01017,INE083A01026,2024-08-07,2999-12-31,1,HIGH,isin_mapping_final.csv:ca_date
IN8084A01015,IN8084A01015,1900-01-01,2023-12-12,0,SELF,isin_mapping_final.csv:ca_date
IN8084A01015,INE084A01016,2023-12-12,2999-12-31,1,LOW,isin_mapping_final.csv:ca_date
IN8089C01010,IN8089C01010,1900-01-01,2024-04-16,0,SELF,isin_mapping_final.csv:ca_date
IN8089C01010,INE089C01029,2024-04-16,2999-12-31,1,HIGH,isin_mapping_final.csv:ca_date
IN8090A01020,IN8090A01020,1900-01-01,2020-08-17,0,SELF,isin_mapping_final.csv:ca_date
IN8090A01020,INE090A01021,2020-08-17,2999-12-31,1,HIGH,isin_mapping_final.csv:ca_date
IN80BTI01010,IN80BTI01010,1900-01-01,2023-05-18,0,SELF,isin_mapping_final.csv:ca_date
IN80BTI01010,INE0BTI01037,2023-05-18,2999-12-31,1,HIGH,isin_mapping_final.csv:ca_date
IN80FDU25019,IN80FDU25019,1900-01-01,2024-12-13,0,SELF,isin_mapping_final.csv:ca_date
IN80FDU25019,INE0FDU25010,2024-12-13,2999-12-31,1,LOW,isin_mapping_final.csv:ca_date
IN80IX101011,IN80IX101011,1900-01-01,2023-03-14,0,SELF,isin_mapping_final.csv:ca_date
IN80IX101011,INE0IX101010,2023-03-14,2999-12-31,1,HIGH,isin_mapping_final.csv:ca_date
IN80J0B01018,IN80J0B01018,1900-01-01,2024-03-11,0,SELF,isin_mapping_final.csv:ca_date
IN80J0B01018,INE0J0B01017,2024-03-11,2999-12-31,1,HIGH,isin_mapping_final.csv:ca_date
IN80JJS01013,IN80JJS01013,1900-01-01,2023-06-22,0,SELF,isin_mapping_final.csv:ca_date
IN80JJS01013,INE0JJS01014,2023-06-22,2999-12-31,1,HIGH,isin_mapping_final.csv:ca_date
IN80JO301017,IN80JO301017,1900-01-01,2024-12-24,0,SELF,isin_mapping_final.csv:ca_date
IN80JO301017,INE0JO301016,2024-12-24,2999-12-31,1,HIGH,isin_mapping_final.csv:ca_date
IN80KL801016,IN80KL801016,1900-01-01,2024-01-23,0,SELF,isin_mapping_final.csv:ca_date
IN80KL801016,INE0KL801015,2024-01-23,2999-12-31,1,HIGH,isin_mapping_final.csv:ca_date
IN80LMW01015,IN80LMW01015,1900-01-01,2024-07-09,0,SELF,isin_mapping_final.csv:ca_date
IN80LMW01015,INE0LMW01024,2024-07-09,2999-12-31,1,HIGH,isin_mapping_final.csv:ca_date
IN80MGM01016,IN80MGM01016,1900-01-01,2024-09-10,0,SELF,isin_mapping_final.csv:ca_date
IN80MGM01016,INE0MGM01017,2024-09-10,2999-12-31,1,HIGH,isin_mapping_final.csv:ca_date
IN80MLZ01018,IN80MLZ01018,1900-01-01,2023-12-26,0,SELF,isin_mapping_final.csv:ca_date
IN80MLZ01018,INE0MLZ01019,2023-12-26,2999-12-31,1,HIGH,isin_mapping_final.csv:ca_date
IN8101D01029,IN8101D01029,1900-01-01,2017-09-27,0,SELF,isin_mapping_final.csv:ca_date
IN8101D01029,INE101D01020,2017-09-27,2999-12-31,1,HIGH,isin_mapping_final.csv:ca_date
IN8105A01018,IN8105A01018,1900-01-01,2012-10-23,0,SELF,isin_mapping_final.csv:ca_date
IN8105A01018,INE105A01035,2012-10-23,2999-12-31,1,HIGH,isin_mapping_final.csv:ca_date
IN8106T01024,IN8106T01024,1900-01-01,2024-10-15,0,SELF,isin_mapping_final.csv:ca_date
IN8106T01024,INE106T01025,2024-10-15,2999-12-31,1,HIGH,isin_mapping_final.csv:ca_date
IN8108E01014,IN8108E01014,1900-01-01,2016-12-02,0,SELF,isin_mapping_final.csv:ca_date
IN8108E01014,INE108E01023,2016-12-02,2999-12-31,1,HIGH,isin_mapping_final.csv:ca_date
IN8121A01023,IN8121A01023,1900-01-01,2023-10-05,0,SELF,isin_mapping_final.csv:ca_date
IN8121A01023,INE121A01024,2023-10-05,2999-12-31,1,LOW,isin_mapping_final.csv:ca_date
IN8121E01017,IN8121E01017,1900-01-01,2024-04-08,0,SELF,isin_mapping_final.csv:ca_date
IN8121E01017,INE121E01018,2024-04-08,2999-12-31,1,HIGH,isin_mapping_final.csv:ca_date
IN8132H01017,IN8132H01017,1900-01-01,2015-05-07,0,SELF,isin_mapping_final.csv:ca_date
IN8132H01017,INE132H01018,2015-05-07,2999-12-31,1,HIGH,isin_mapping_final.csv:ca_date
IN8134B01016,IN8134B01016,1900-01-01,2016-09-06,0,SELF,isin_mapping_final.csv:ca_date
IN8134B01016,INE134B01017,2016-09-06,2999-12-31,1,HIGH,isin_mapping_final.csv:ca_date
IN8143H01014,IN8143H01014,1900-01-01,2014-06-12,0,SELF,isin_mapping_final.csv:ca_date
IN8143H01014,INE143H01015,2014-06-12,2999-12-31,1,HIGH,isin_mapping_final.csv:ca_date
IN8148I01011,IN8148I01011,1900-01-01,2024-09-11,0,SELF,isin_mapping_final.csv:ca_date
IN8148I01011,INE148I01020,2024-09-11,2999-12-31,1,HIGH,isin_mapping_final.csv:ca_date
IN8148I01029,IN8148I01029,1900-01-01,2024-02-20,0,SELF,isin_mapping_final.csv:ca_date
IN8148I01029,INE148I01020,2024-02-20,2999-12-31,1,HIGH,isin_mapping_final.csv:ca_date
IN8152B01018,IN8152B01018,1900-01-01,2024-07-02,0,SELF,isin_mapping_final.csv:ca_date
IN8152B01018,INE152B01027,2024-07-02,2999-12-31,1,HIGH,isin_mapping_final.csv:ca_date
IN8160A01021,IN8160A01021,1900-01-01,2024-10-01,0,SELF,isin_mapping_final.csv:ca_date
IN8160A01021,INE160A01022,2024-10-01,2999-12-31,1,HIGH,isin_mapping_final.csv:ca_date
IN8168A01024,IN8168A01024,1900-01-01,2023-12-18,0,SELF,isin_mapping_final.csv:ca_date
IN8168A01024,INE168A01041,2023-12-18,2999-12-31,1,HIGH,isin_mapping_final.csv:ca_date
IN8171A01028,IN8171A01028,1900-01-01,2017-06-30,0,SELF,isin_mapping_final.csv:ca_date
IN8171A01028,INE171A01029,2017-06-30,2999-12-31,1,HIGH,isin_mapping_final.csv:ca_date
IN8176C01015,IN8176C01015,1900-01-01,2014-07-30,0,SELF,isin_mapping_final.csv:ca_date
IN8176C01015,INE176C01016,2014-07-30,2999-12-31,1,HIGH,isin_mapping_final.csv:ca_date
IN8180K01010,IN8180K01010,1900-01-01,2014-05-29,0,SELF,isin_mapping_final.csv:ca_date
IN8180K01010,INE180K01011,2014-05-29,2999-12-31,1,HIGH,isin_mapping_final.csv:ca_date
IN8181G01016,IN8181G01016,1900-01-01,2013-02-14,0,SELF,isin_mapping_final.csv:ca_date
IN8181G01016,INE181G01025,2013-02-14,2999-12-31,1,HIGH,isin_mapping_final.csv:ca_date
IN8185H01015,IN8185H01015,1900-01-01,2023-05-19,0,SELF,isin_mapping_final.csv:ca_date
IN8185H01015,INE185H01016,2023-05-19,2999-12-31,1,LOW,isin_mapping_final.csv:ca_date
IN8191H01013,IN8191H01013,1900-01-01,2021-02-02,0,SELF,isin_mapping_final.csv:ca_date
IN8191H01013,INE191H01014,2021-02-02,2999-12-31,1,LOW,isin_mapping_final.csv:ca_date
IN8192A01016,IN8192A01016,1900-01-01,2020-04-01,0,SELF,isin_mapping_final.csv:ca_date
IN8192A01016,INE192A01025,2020-04-01,2999-12-31,1,HIGH,isin_mapping_final.csv:ca_date
IN8192R01010,IN8192R01010,1900-01-01,2020-02-11,0,SELF,isin_mapping_final.csv:ca_date
IN8192R01010,INE192R01011,2020-02-11,2999-12-31,1,HIGH,isin_mapping_final.csv:ca_date
IN8197A01015,IN8197A01015,1900-01-01,2024-05-09,0,SELF,isin_mapping_final.csv:ca_date
IN8197A01015,INE197A01024,2024-05-09,2999-12-31,1,HIGH,isin_mapping_final.csv:ca_date
IN8200M01012,IN8200M01012,1900-01-01,2022-06-17,0,SELF,isin_mapping_final.csv:ca_date
IN8200M01012,INE200M01013,2022-06-17,2999-12-31,1,HIGH,isin_mapping_final.csv:ca_date
IN8200M01038,IN8200M01038,1900-01-01,2024-11-21,0,SELF,isin_mapping_final.csv:ca_date
IN8200M01038,INE200M01039,2024-11-21,2999-12-31,1,HIGH,isin_mapping_final.csv:ca_date
IN8202B01011,IN8202B01011,1900-01-01,2015-03-11,0,SELF,isin_mapping_final.csv:ca_date
IN8202B01011,INE202B01012,2015-03-11,2999-12-31,1,HIGH,isin_mapping_final.csv:ca_date
IN8205A01016,IN8205A01016,1900-01-01,2013-09-06,0,SELF,isin_mapping_final.csv:ca_date
IN8205A01016,INE205A01025,2013-09-06,2999-12-31,1,HIGH,isin_mapping_final.csv:ca_date
IN8205C01020,IN8205C01020,1900-01-01,2024-08-26,0,SELF,isin_mapping_final.csv:ca_date
IN8205C01020,INE205C01021,2024-08-26,2999-12-31,1,LOW,isin_mapping_final.csv:ca_date
IN8208A01010,IN8208A01010,1900-01-01,2014-07-07,0,SELF,isin_mapping_final.csv:ca_date
IN8208A01010,INE208A01029,2014-07-07,2999-12-31,1,HIGH,isin_mapping_final.csv:ca_date
IN8209L01015,IN8209L01015,1900-01-01,2024-07-16,0,SELF,isin_mapping_final.csv:ca_date
IN8209L01015,INE209L01016,2024-07-16,2999-12-31,1,HIGH,isin_mapping_final.csv:ca_date
IN8211B01012,IN8211B01012,1900-01-01,2020-08-24,0,SELF,isin_mapping_final.csv:ca_date
IN8211B01012,INE211B01039,2020-08-24,2999-12-31,1,LOW,isin_mapping_final.csv:ca_date
IN8218G01024,IN8218G01024,1900-01-01,2016-01-22,0,SELF,isin_mapping_final.csv:ca_date
IN8218G01024,INE218G01033,2016-01-22,2999-12-31,1,HIGH,isin_mapping_final.csv:ca_date
IN8218G01032,IN8218G01032,1900-01-01,2017-08-03,0,SELF,isin_mapping_final.csv:ca_date
IN8218G01032,INE218G01033,2017-08-03,2999-12-31,1,HIGH,isin_mapping_final.csv:ca_date
IN8224E01019,IN8224E01019,1900-01-01,2015-05-30,0,SELF,isin_mapping_final.csv:ca_date
IN8224E01019,INE224E01028,2015-05-30,2999-12-31,1,HIGH,isin_mapping_final.csv:ca_date
IN8229H01011,IN8229H01011,1900-01-01,2017-11-08,0,SELF,isin_mapping_final.csv:ca_date
IN8229H01011,INE229H01012,2017-11-08,2999-12-31,1,HIGH,isin_mapping_final.csv:ca_date
IN8237A01019,IN8237A01019,1900-01-01,2015-04-27,0,SELF,isin_mapping_final.csv:ca_date
IN8237A01019,INE237A01028,2015-04-27,2999-12-31,1,HIGH,isin_mapping_final.csv:ca_date
IN8238A01025,IN8238A01025,1900-01-01,2020-08-12,0,SELF,isin_mapping_final.csv:ca_date
IN8238A01025,INE238A01034,2020-08-12,2999-12-31,1,LOW,isin_mapping_final.csv:ca_date
IN8244B01013,IN8244B01013,1900-01-01,2024-04-26,0,SELF,isin_mapping_final.csv:ca_date
IN8244B01013,INE244B01030,2024-04-26,2999-12-31,1,HIGH,isin_mapping_final.csv:ca_date
IN8245A01012,IN8245A01012,1900-01-01,2014-04-30,0,SELF,isin_mapping_final.csv:ca_date
IN8245A01012,INE245A01021,2014-04-30,2999-12-31,1,HIGH,isin_mapping_final.csv:ca_date
IN8247M01013,IN8247M01013,1900-01-01,2023-06-15,0,SELF,isin_mapping_final.csv:ca_date
IN8247M01013,INE247M01014,2023-06-15,2999-12-31,1,HIGH,isin_mapping_final.csv:ca_date
IN8251B01026,IN8251B01026,1900-01-01,2024-08-29,0,SELF,isin_mapping_final.csv:ca_date
IN8251B01026,INE251B01027,2024-08-29,2999-12-31,1,HIGH,isin_mapping_final.csv:ca_date
IN8255E01021,IN8255E01021,1900-01-01,2017-03-07,0,SELF,isin_mapping_final.csv:ca_date
IN8255E01021,INE255E01030,2017-03-07,2999-12-31,1,HIGH,isin_mapping_final.csv:ca_date
IN8263M01010,IN8263M01010,1900-01-01,2024-05-29,0,SELF,isin_mapping_final.csv:ca_date
IN8263M01010,INE263M01029,2024-05-29,2999-12-31,1,HIGH,isin_mapping_final.csv:ca_date
IN8264T01013,IN8264T01013,1900-01-01,2024-01-15,0,SELF,isin_mapping_final.csv:ca_date
IN8264T01013,INE264T01014,2024-01-15,2999-12-31,1,HIGH,isin_mapping_final.csv:ca_date
IN8265D01014,IN8265D01014,1900-01-01,2018-12-17,0,SELF,isin_mapping_final.csv:ca_date
IN8265D01014,INE265D01015,2018-12-17,2999-12-31,1,HIGH,isin_mapping_final.csv:ca_date
IN8274G01035,IN8274G01035,1900-01-01,2018-10-12,0,SELF,isin_mapping_final.csv:ca_date
IN8274G01035,IN9274G01026,2018-10-12,2999-12-31,1,HIGH,isin_mapping_final.csv:ca_date
IN8285B01016,IN8285B01016,1900-01-01,2024-09-23,0,SELF,isin_mapping_final.csv:ca_date
IN8285B01016,INE285B01017,2024-09-23,2999-12-31,1,MEDIUM,isin_mapping_final.csv:ca_date
IN8285K01017,IN8285K01017,1900-01-01,2024-07-22,0,SELF,isin_mapping_final.csv:ca_date
IN8285K01017,INE285K01026,2024-07-22,2999-12-31,1,HIGH,isin_mapping_final.csv:ca_date
IN8291F01015,IN8291F01015,1900-01-01,2014-01-31,0,SELF,isin_mapping_final.csv:ca_date
IN8291F01015,INE291F01016,2014-01-31,2999-12-31,1,MEDIUM,isin_mapping_final.csv:ca_date
IN8296A01023,IN8296A01023,1900-01-01,2023-11-10,0,SELF,isin_mapping_final.csv:ca_date
IN8296A01023,INE296A01024,2023-11-10,2999-12-31,1,MEDIUM,isin_mapping_final.csv:ca_date
IN8296G01012,IN8296G01012,1900-01-01,2017-11-16,0,SELF,isin_mapping_final.csv:ca_date
IN8296G01012,INE296G01013,2017-11-16,2999-12-31,1,HIGH,isin_mapping_final.csv:ca_date
IN8312H01015,IN8312H01015,1900-01-01,2020-11-13,0,SELF,isin_mapping_final.csv:ca_date
IN8312H01015,INE312H01016,2020-11-13,2999-12-31,1,MEDIUM,isin_mapping_final.csv:ca_date
IN8330H01017,IN8330H01017,1900-01-01,2014-07-03,0,SELF,isin_mapping_final.csv:ca_date
IN8330H01017,INE330H01018,2014-07-03,2999-12-31,1,HIGH,isin_mapping_final.csv:ca_date
IN8336H01014,IN8336H01014,1900-01-01,2012-12-21,0,SELF,isin_mapping_final.csv:ca_date
IN8336H01014,INE336H01023,2012-12-21,2999-12-31,1,HIGH,isin_mapping_final.csv:ca_date
IN8336H01022,IN8336H01022,1900-01-01,2018-03-15,0,SELF,isin_mapping_final.csv:ca_date
IN8336H01022,INE336H01023,2018-03-15,2999-12-31,1,HIGH,isin_mapping_final.csv:ca_date
IN8338D01019,IN8338D01019,1900-01-01,2017-10-18,0,SELF,isin_mapping_final.csv:ca_date
IN8338D01019,INE338D01028,2017-10-18,2999-12-31,1,HIGH,isin_mapping_final.csv:ca_date
IN8338Y01015,IN8338Y01015,1900-01-01,2024-03-27,0,SELF,isin_mapping_final.csv:ca_date
IN8338Y01015,INE338Y01016,2024-03-27,2999-12-31,1,HIGH,isin_mapping_final.csv:ca_date
IN8348L01011,IN8348L01011,1900-01-01,2024-06-25,0,SELF,isin_mapping_final.csv:ca_date
IN8348L01011,INE348L01012,2024-06-25,2999-12-31,1,HIGH,isin_mapping_final.csv:ca_date
IN8350C01016,IN8350C01016,1900-01-01,2025-03-13,0,SELF,isin_mapping_final.csv:ca_date
IN8350C01016,INE350C01017,2025-03-13,2999-12-31,1,HIGH,isin_mapping_final.csv:ca_date
IN8355A01019,IN8355A01019,1900-01-01,2015-12-23,0,SELF,isin_mapping_final.csv:ca_date
IN8355A01019,INE355A01028,2015-12-23,2999-12-31,1,HIGH,isin_mapping_final.csv:ca_date
IN8371P01014,IN8371P01014,1900-01-01,2020-09-14,0,SELF,isin_mapping_final.csv:ca_date
IN8371P01014,INE371P01015,2020-09-14,2999-12-31,1,HIGH,isin_mapping_final.csv:ca_date
IN8382M01018,IN8382M01018,1900-01-01,2021-09-14,0,SELF,isin_mapping_final.csv:ca_date
IN8382M01018,INE382M01027,2021-09-14,2999-12-31,1,HIGH,isin_mapping_final.csv:ca_date
IN8389H01013,IN8389H01013,1900-01-01,2024-09-27,0,SELF,isin_mapping_final.csv:ca_date
IN8389H01013,INE389H01022,2024-09-27,2999-12-31,1,HIGH,isin_mapping_final.csv:ca_date
IN8390G01013,IN8390G01013,1900-01-01,2024-09-02,0,SELF,isin_mapping_final.csv:ca_date
IN8390G01013,INE390G01014,2024-09-02,2999-12-31,1,HIGH,isin_mapping_final.csv:ca_date
IN8391J01023,IN8391J01023,1900-01-01,2024-07-26,0,SELF,isin_mapping_final.csv:ca_date
IN8391J01023,INE391J01024,2024-07-26,2024-11-13,1,HIGH,isin_mapping_final.csv:ca_date
IN8391J01023,INE391J01032,2024-11-13,2999-12-31,2,HIGH,isin_mapping_final.csv:ca_date
IN8397D01015,IN8397D01015,1900-01-01,2020-01-16,0,SELF,isin_mapping_final.csv:ca_date
IN8397D01015,INE397D01024,2020-01-16,2999-12-31,1,HIGH,isin_mapping_final.csv:ca_date
IN8399C01013,IN8399C01013,1900-01-01,2017-10-09,0,SELF,isin_mapping_final.csv:ca_date
IN8399C01013,INE399C01030,2017-10-09,2999-12-31,1,HIGH,isin_mapping_final.csv:ca_date
IN8399G01022,IN8399G01022,1900-01-01,2023-11-15,0,SELF,isin_mapping_final.csv:ca_date
IN8399G01022,INE399G01023,2023-11-15,2999-12-31,1,HIGH,isin_mapping_final.csv:ca_date
IN8405E01022,IN8405E01022,1900-01-01,2017-11-04,0,SELF,isin_mapping_final.csv:ca_date
IN8405E01022,INE405E01023,2017-11-04,2999-12-31,1,HIGH,isin_mapping_final.csv:ca_date
IN8423A01015,IN8423A01015,1900-01-01,2024-10-16,0,SELF,isin_mapping_final.csv:ca_date
IN8423A01015,INE423A01024,2024-10-16,2999-12-31,1,HIGH,isin_mapping_final.csv:ca_date
IN8427F01015,IN8427F01015,1900-01-01,2024-04-03,0,SELF,isin_mapping_final.csv:ca_date
IN8427F01015,INE427F01016,2024-04-03,2999-12-31,1,HIGH,isin_mapping_final.csv:ca_date
IN8437A01015,IN8437A01015,1900-01-01,2021-01-27,0,SELF,isin_mapping_final.csv:ca_date
IN8437A01015,INE437A01024,2021-01-27,2999-12-31,1,HIGH,isin_mapping_final.csv:ca_date
IN8438A01013,IN8438A01013,1900-01-01,2017-10-11,0,SELF,isin_mapping_final.csv:ca_date
IN8438A01013,INE438A01022,2017-10-11,2999-12-31,1,HIGH,isin_mapping_final.csv:ca_date
IN8442H01028,IN8442H01028,1900-01-01,2015-04-23,0,SELF,isin_mapping_final.csv:ca_date
IN8442H01028,INE442H01029,2015-04-23,2999-12-31,1,HIGH,isin_mapping_final.csv:ca_date
IN8450U01016,IN8450U01016,1900-01-01,2021-11-16,0,SELF,isin_mapping_final.csv:ca_date
IN8450U01016,INE450U01017,2021-11-16,2999-12-31,1,HIGH,isin_mapping_final.csv:ca_date
IN8453D01016,IN8453D01016,1900-01-01,2014-10-28,0,SELF,isin_mapping_final.csv:ca_date
IN8453D01016,INE453D01025,2014-10-28,2999-12-31,1,HIGH,isin_mapping_final.csv:ca_date
IN8457A01013,IN8457A01013,1900-01-01,2024-10-08,0,SELF,isin_mapping_final.csv:ca_date
IN8457A01013,INE457A01014,2024-10-08,2999-12-31,1,LOW,isin_mapping_final.csv:ca_date
IN8465A01016,IN8465A01016,1900-01-01,2017-10-06,0,SELF,isin_mapping_final.csv:ca_date
IN8465A01016,INE465A01025,2017-10-06,2999-12-31,1,HIGH,isin_mapping_final.csv:ca_date
IN8466L01029,IN8466L01029,1900-01-01,2023-03-09,0,SELF,isin_mapping_final.csv:ca_date
IN8466L01029,INE466L01038,2023-03-09,2999-12-31,1,HIGH,isin_mapping_final.csv:ca_date
IN8472A01012,IN8472A01012,1900-01-01,2023-09-25,0,SELF,isin_mapping_final.csv:ca_date
IN8472A01012,INE472A01039,2023-09-25,2999-12-31,1,HIGH,isin_mapping_final.csv:ca_date
IN8473D01014,IN8473D01014,1900-01-01,2017-04-26,0,SELF,isin_mapping_final.csv:ca_date
IN8473D01014,INE473D01015,2017-04-26,2999-12-31,1,HIGH,isin_mapping_final.csv:ca_date
IN8474C01014,IN8474C01014,1900-01-01,2024-04-05,0,SELF,isin_mapping_final.csv:ca_date
IN8474C01014,INE474C01015,2024-04-05,2024-07-05,1,HIGH,isin_mapping_final.csv:ca_date
IN8474C01014,INE474C01023,2024-07-05,2999-12-31,2,HIGH,isin_mapping_final.csv:ca_date
IN8476A01013,IN8476A01013,1900-01-01,2021-08-24,0,SELF,isin_mapping_final.csv:ca_date
IN8476A01013,INE476A01022,2021-08-24,2999-12-31,1,MEDIUM,isin_mapping_final.csv:ca_date
IN8480C01029,IN8480C01029,1900-01-01,2023-05-26,0,SELF,isin_mapping_final.csv:ca_date
IN8480C01029,INE480C01038,2023-05-26,2999-12-31,1,HIGH,isin_mapping_final.csv:ca_date
IN8482A01011,IN8482A01011,1900-01-01,2014-12-01,0,SELF,isin_mapping_final.csv:ca_date
IN8482A01011,INE482A01020,2014-12-01,2999-12-31,1,HIGH,isin_mapping_final.csv:ca_date
IN8482D01023,IN8482D01023,1900-01-01,2024-07-08,0,SELF,isin_mapping_final.csv:ca_date
IN8482D01023,INE482D01024,2024-07-08,2999-12-31,1,HIGH,isin_mapping_final.csv:ca_date
IN8483A01019,IN8483A01019,1900-01-01,2025-03-29,0,SELF,isin_mapping_final.csv:ca_date
IN8483A01019,INE483A01010,2025-03-29,2999-12-31,1,HIGH,isin_mapping_final.csv:ca_date
IN8484J01026,IN8484J01026,1900-01-01,2024-12-03,0,SELF,isin_mapping_final.csv:ca_date
IN8484J01026,INE484J01027,2024-12-03,2999-12-31,1,LOW,isin_mapping_final.csv:ca_date
IN8486A01012,IN8486A01012,1900-01-01,2014-11-07,0,SELF,isin_mapping_final.csv:ca_date
IN8486A01012,INE486A01021,2014-11-07,2999-12-31,1,HIGH,isin_mapping_final.csv:ca_date
IN8491A01012,IN8491A01012,1900-01-01,2013-07-25,0,SELF,isin_mapping_final.csv:ca_date
IN8491A01012,INE491A01021,2013-07-25,2999-12-31,1,HIGH,isin_mapping_final.csv:ca_date
IN8492Z01017,IN8492Z01017,1900-01-01,2023-06-27,0,SELF,isin_mapping_final.csv:ca_date
IN8492Z01017,INE492Z01018,2023-06-27,2999-12-31,1,HIGH,isin_mapping_final.csv:ca_date
IN8495B01011,IN8495B01011,1900-01-01,2022-11-24,0,SELF,isin_mapping_final.csv:ca_date
IN8495B01011,INE495B01038,2022-11-24,2999-12-31,1,HIGH,isin_mapping_final.csv:ca_date
IN8498L01014,IN8498L01014,1900-01-01,2018-03-15,0,SELF,isin_mapping_final.csv:ca_date
IN8498L01014,INE498L01015,2018-03-15,2999-12-31,1,HIGH,isin_mapping_final.csv:ca_date
IN8501A01018,IN8501A01018,1900-01-01,2021-10-25,0,SELF,isin_mapping_final.csv:ca_date
IN8501A01018,INE501A01019,2021-10-25,2999-12-31,1,HIGH,isin_mapping_final.csv:ca_date
IN8502K01015,IN8502K01015,1900-01-01,2015-06-24,0,SELF,isin_mapping_final.csv:ca_date
IN8502K01015,INE502K01016,2015-06-24,2999-12-31,1,HIGH,isin_mapping_final.csv:ca_date
IN8503A01014,IN8503A01014,1900-01-01,2012-12-18,0,SELF,isin_mapping_final.csv:ca_date
IN8503A01014,INE503A01015,2012-12-18,2999-12-31,1,HIGH,isin_mapping_final.csv:ca_date
IN8510A01019,IN8510A01019,1900-01-01,2017-12-01,0,SELF,isin_mapping_final.csv:ca_date
IN8510A01019,INE510A01028,2017-12-01,2999-12-31,1,HIGH,isin_mapping_final.csv:ca_date
IN8511C01013,IN8511C01013,1900-01-01,2018-04-13,0,SELF,isin_mapping_final.csv:ca_date
IN8511C01013,INE511C01022,2018-04-13,2999-12-31,1,HIGH,isin_mapping_final.csv:ca_date
IN8524L01025,IN8524L01025,1900-01-01,2017-12-29,0,SELF,isin_mapping_final.csv:ca_date
IN8524L01025,INE524L01026,2017-12-29,2999-12-31,1,HIGH,isin_mapping_final.csv:ca_date
IN8528G01026,IN8528G01026,1900-01-01,2019-08-19,0,SELF,isin_mapping_final.csv:ca_date
IN8528G01026,INE528G01035,2019-08-19,2999-12-31,1,HIGH,isin_mapping_final.csv:ca_date
IN8528G01034,IN8528G01034,1900-01-01,2020-07-24,0,SELF,isin_mapping_final.csv:ca_date
IN8528G01034,INE528G01035,2020-07-24,2999-12-31,1,HIGH,isin_mapping_final.csv:ca_date
IN8542W01016,IN8542W01016,1900-01-01,2023-12-22,0,SELF,isin_mapping_final.csv:ca_date
IN8542W01016,INE542W01025,2023-12-22,2999-12-31,1,HIGH,isin_mapping_final.csv:ca_date
IN8542W01024,IN8542W01024,1900-01-01,2024-08-21,0,SELF,isin_mapping_final.csv:ca_date
IN8542W01024,INE542W01025,2024-08-21,2999-12-31,1,HIGH,isin_mapping_final.csv:ca_date
IN8548A01019,IN8548A01019,1900-01-01,2021-12-13,0,SELF,isin_mapping_final.csv:ca_date
IN8548A01019,INE548A01028,2021-12-13,2999-12-31,1,HIGH,isin_mapping_final.csv:ca_date
IN8549A01017,IN8549A01017,1900-01-01,2024-12-20,0,SELF,isin_mapping_final.csv:ca_date
IN8549A01017,INE549A01026,2024-12-20,2999-12-31,1,LOW,isin_mapping_final.csv:ca_date
IN8550H01010,IN8550H01010,1900-01-01,2015-01-29,0,SELF,isin_mapping_final.csv:ca_date
IN8550H01010,INE550H01011,2015-01-29,2999-12-31,1,HIGH,isin_mapping_final.csv:ca_date
IN8562A01010,IN8562A01010,1900-01-01,2023-12-19,0,SELF,isin_mapping_final.csv:ca_date
IN8562A01010,INE562A01011,2023-12-19,2999-12-31,1,HIGH,isin_mapping_final.csv:ca_date
IN8565A01013,IN8565A01013,1900-01-01,2025-03-26,0,SELF,isin_mapping_final.csv:ca_date
IN8565A01013,INE565A01014,2025-03-26,2999-12-31,1,HIGH,isin_mapping_final.csv:ca_date
IN8576I01013,IN8576I01013,1900-01-01,2015-11-03,0,SELF,isin_mapping_final.csv:ca_date
IN8576I01013,INE576I01022,2015-11-03,2999-12-31,1,LOW,isin_mapping_final.csv:ca_date
IN8591G01016,IN8591G01016,1900-01-01,2024-05-29,0,SELF,isin_mapping_final.csv:ca_date
IN8591G01016,INE591G01017,2024-05-29,2999-12-31,1,MEDIUM,isin_mapping_final.csv:ca_date
IN8592A01017,IN8592A01017,1900-01-01,2017-02-22,0,SELF,isin_mapping_final.csv:ca_date
IN8592A01017,INE592A01026,2017-02-22,2999-12-31,1,HIGH,isin_mapping_final.csv:ca_date
IN8596F01017,IN8596F01017,1900-01-01,2023-08-19,0,SELF,isin_mapping_final.csv:ca_date
IN8596F01017,INE596F01018,2023-08-19,2999-12-31,1,HIGH,isin_mapping_final.csv:ca_date
IN8602A01022,IN8602A01022,1900-01-01,2021-10-06,0,SELF,isin_mapping_final.csv:ca_date
IN8602A01022,INE602A01031,2021-10-06,2999-12-31,1,HIGH,isin_mapping_final.csv:ca_date
IN8603J01021,IN8603J01021,1900-01-01,2020-07-10,0,SELF,isin_mapping_final.csv:ca_date
IN8603J01021,INE603J01030,2020-07-10,2999-12-31,1,HIGH,isin_mapping_final.csv:ca_date
IN8608A01011,IN8608A01011,1900-01-01,2025-03-28,0,SELF,isin_mapping_final.csv:ca_date
IN8608A01011,INE608A01012,2025-03-28,2999-12-31,1,HIGH,isin_mapping_final.csv:ca_date
IN8615H01029,IN8615H01029,1900-01-01,2023-12-14,0,SELF,isin_mapping_final.csv:ca_date
IN8615H01029,INE615H01020,2023-12-14,2999-12-31,1,HIGH,isin_mapping_final.csv:ca_date
IN8615P01014,IN8615P01014,1900-01-01,2019-12-26,0,SELF,isin_mapping_final.csv:ca_date
IN8615P01014,INE615P01015,2019-12-26,2999-12-31,1,HIGH,isin_mapping_final.csv:ca_date
IN8619A01026,IN8619A01026,1900-01-01,2022-04-07,0,SELF,isin_mapping_final.csv:ca_date
IN8619A01026,INE619A01035,2022-04-07,2999-12-31,1,HIGH,isin_mapping_final.csv:ca_date
IN8621L01011,IN8621L01011,1900-01-01,2024-03-28,0,SELF,isin_mapping_final.csv:ca_date
IN8621L01011,INE621L01012,2024-03-28,2999-12-31,1,LOW,isin_mapping_final.csv:ca_date
IN8624C01014,IN8624C01014,1900-01-01,2015-06-04,0,SELF,isin_mapping_final.csv:ca_date
IN8624C01014,INE624C01015,2015-06-04,2999-12-31,1,HIGH,isin_mapping_final.csv:ca_date
IN8628A01035,IN8628A01035,1900-01-01,2025-03-26,0,SELF,isin_mapping_final.csv:ca_date
IN8628A01035,IN9628A01026,2025-03-26,2999-12-31,1,HIGH,isin_mapping_final.csv:ca_date
IN8633A01019,IN8633A01019,1900-01-01,2014-07-23,0,SELF,isin_mapping_final.csv:ca_date
IN8633A01019,INE633A01028,2014-07-23,2999-12-31,1,HIGH,isin_mapping_final.csv:ca_date
IN8634S01019,IN8634S01019,1900-01-01,2024-12-20,0,SELF,isin_mapping_final.csv:ca_date
IN8634S01019,INE634S01028,2024-12-20,2999-12-31,1,HIGH,isin_mapping_final.csv:ca_date
IN8646L01018,IN8646L01018,1900-01-01,2017-09-22,0,SELF,isin_mapping_final.csv:ca_date
IN8646L01018,INE646L01027,2017-09-22,2999-12-31,1,HIGH,isin_mapping_final.csv:ca_date
IN8647A01019,IN8647A01019,1900-01-01,2020-10-20,0,SELF,isin_mapping_final.csv:ca_date
IN8647A01019,INE647A01010,2020-10-20,2999-12-31,1,HIGH,isin_mapping_final.csv:ca_date
IN8647O01028,IN8647O01028,1900-01-01,2020-08-03,0,SELF,isin_mapping_final.csv:ca_date
IN8647O01028,IN9647O01019,2020-08-03,2999-12-31,1,HIGH,isin_mapping_final.csv:ca_date
IN8663F01015,IN8663F01015,1900-01-01,2014-09-16,0,SELF,isin_mapping_final.csv:ca_date
IN8663F01015,INE663F01024,2014-09-16,2999-12-31,1,HIGH,isin_mapping_final.csv:ca_date
IN8665J01012,IN8665J01012,1900-01-01,2021-02-04,0,SELF,isin_mapping_final.csv:ca_date
IN8665J01012,INE665J01013,2021-02-04,2999-12-31,1,HIGH,isin_mapping_final.csv:ca_date
IN8665L01018,IN8665L01018,1900-01-01,2021-03-26,0,SELF,isin_mapping_final.csv:ca_date
IN8665L01018,INE665L01035,2021-03-26,2999-12-31,1,HIGH,isin_mapping_final.csv:ca_date
IN8667A01017,IN8667A01017,1900-01-01,2017-12-22,0,SELF,isin_mapping_final.csv:ca_date
IN8667A01017,INE667A01018,2017-12-22,2999-12-31,1,MEDIUM,isin_mapping_final.csv:ca_date
IN8670K01010,IN8670K01010,1900-01-01,2024-03-07,0,SELF,isin_mapping_final.csv:ca_date
IN8670K01010,INE670K01029,2024-03-07,2999-12-31,1,LOW,isin_mapping_final.csv:ca_date
IN8679V01018,IN8679V01018,1900-01-01,2024-03-14,0,SELF,isin_mapping_final.csv:ca_date
IN8679V01018,INE679V01027,2024-03-14,2999-12-31,1,HIGH,isin_mapping_final.csv:ca_date
IN8680A01010,IN8680A01010,1900-01-01,2014-01-09,0,SELF,isin_mapping_final.csv:ca_date
IN8680A01010,INE680A01011,2014-01-09,2999-12-31,1,HIGH,isin_mapping_final.csv:ca_date
IN8686A01017,IN8686A01017,1900-01-01,2014-09-05,0,SELF,isin_mapping_final.csv:ca_date
IN8686A01017,INE686A01026,2014-09-05,2999-12-31,1,HIGH,isin_mapping_final.csv:ca_date
IN8686A01025,IN8686A01025,1900-01-01,2018-02-05,0,SELF,isin_mapping_final.csv:ca_date
IN8686A01025,INE686A01026,2018-02-05,2999-12-31,1,HIGH,isin_mapping_final.csv:ca_date
IN8688I01016,IN8688I01016,1900-01-01,2015-03-27,0,SELF,isin_mapping_final.csv:ca_date
IN8688I01016,INE688I01017,2015-03-27,2999-12-31,1,MEDIUM,isin_mapping_final.csv:ca_date
IN8690A01019,IN8690A01019,1900-01-01,2019-05-27,0,SELF,isin_mapping_final.csv:ca_date
IN8690A01019,INE690A01010,2019-05-27,2021-12-13,1,HIGH,isin_mapping_final.csv:ca_date
IN8690A01019,INE690A01028,2021-12-13,2999-12-31,2,HIGH,isin_mapping_final.csv:ca_date
IN8691A01017,IN8691A01017,1900-01-01,2025-03-28,0,SELF,isin_mapping_final.csv:ca_date
IN8691A01017,INE691A01018,2025-03-28,2999-12-31,1,HIGH,isin_mapping_final.csv:ca_date
IN8692A01015,IN8692A01015,1900-01-01,2024-02-27,0,SELF,isin_mapping_final.csv:ca_date
IN8692A01015,INE692A01016,2024-02-27,2999-12-31,1,LOW,isin_mapping_final.csv:ca_date
IN8694C01017,IN8694C01017,1900-01-01,2017-04-01,0,SELF,isin_mapping_final.csv:ca_date
IN8694C01017,INE694C01018,2017-04-01,2999-12-31,1,MEDIUM,isin_mapping_final.csv:ca_date
IN8699A01010,IN8699A01010,1900-01-01,2013-04-02,0,SELF,isin_mapping_final.csv:ca_date
IN8699A01010,INE699A01011,2013-04-02,2999-12-31,1,MEDIUM,isin_mapping_final.csv:ca_date
IN8705A01015,IN8705A01015,1900-01-01,2017-09-05,0,SELF,isin_mapping_final.csv:ca_date
IN8705A01015,INE705A01016,2017-09-05,2999-12-31,1,MEDIUM,isin_mapping_final.csv:ca_date
IN8731H01016,IN8731H01016,1900-01-01,2021-09-27,0,SELF,isin_mapping_final.csv:ca_date
IN8731H01016,INE731H01025,2021-09-27,2999-12-31,1,HIGH,isin_mapping_final.csv:ca_date
IN8732I01012,IN8732I01012,1900-01-01,2024-04-04,0,SELF,isin_mapping_final.csv:ca_date
IN8732I01012,INE732I01013,2024-04-04,2999-12-31,1,MEDIUM,isin_mapping_final.csv:ca_date
IN8741K01019,IN8741K01019,1900-01-01,2020-10-12,0,SELF,isin_mapping_final.csv:ca_date
IN8741K01019,INE741K01010,2020-10-12,2999-12-31,1,HIGH,isin_mapping_final.csv:ca_date
IN8742F01017,IN8742F01017,1900-01-01,2015-06-16,0,SELF,isin_mapping_final.csv:ca_date
IN8742F01017,INE742F01042,2015-06-16,2999-12-31,1,HIGH,isin_mapping_final.csv:ca_date
IN8749A01013,IN8749A01013,1900-01-01,2018-03-28,0,SELF,isin_mapping_final.csv:ca_date
IN8749A01013,INE749A01030,2018-03-28,2999-12-31,1,HIGH,isin_mapping_final.csv:ca_date
IN8750C01017,IN8750C01017,1900-01-01,2015-04-01,0,SELF,isin_mapping_final.csv:ca_date
IN8750C01017,INE750C01026,2015-04-01,2999-12-31,1,HIGH,isin_mapping_final.csv:ca_date
IN8758T01014,IN8758T01014,1900-01-01,2024-11-29,0,SELF,isin_mapping_final.csv:ca_date
IN8758T01014,INE758T01015,2024-11-29,2999-12-31,1,HIGH,isin_mapping_final.csv:ca_date
IN8763I01025,IN8763I01025,1900-01-01,2024-06-19,0,SELF,isin_mapping_final.csv:ca_date
IN8763I01025,INE763I01026,2024-06-19,2999-12-31,1,HIGH,isin_mapping_final.csv:ca_date
IN8765D01013,IN8765D01013,1900-01-01,2014-12-17,0,SELF,isin_mapping_final.csv:ca_date
IN8765D01013,INE765D01022,2014-12-17,2999-12-31,1,HIGH,isin_mapping_final.csv:ca_date
IN8768C01019,IN8768C01019,1900-01-01,2020-09-30,0,SELF,isin_mapping_final.csv:ca_date
IN8768C01019,INE768C01010,2020-09-30,2999-12-31,1,MEDIUM,isin_mapping_final.csv:ca_date
IN8769A01011,IN8769A01011,1900-01-01,2019-10-11,0,SELF,isin_mapping_final.csv:ca_date
IN8769A01011,INE769A01020,2019-10-11,2999-12-31,1,HIGH,isin_mapping_final.csv:ca_date
IN8771F01024,IN8771F01024,1900-01-01,2024-02-21,0,SELF,isin_mapping_final.csv:ca_date
IN8771F01024,INE771F01025,2024-02-21,2999-12-31,1,HIGH,isin_mapping_final.csv:ca_date
IN8775A01018,IN8775A01018,1900-01-01,2012-10-09,0,SELF,isin_mapping_final.csv:ca_date
IN8775A01018,INE775A01035,2012-10-09,2999-12-31,1,HIGH,isin_mapping_final.csv:ca_date
IN8776C01012,IN8776C01012,1900-01-01,2014-07-11,0,SELF,isin_mapping_final.csv:ca_date
IN8776C01012,INE776C01039,2014-07-11,2999-12-31,1,HIGH,isin_mapping_final.csv:ca_date
IN8776I01019,IN8776I01019,1900-01-01,2018-04-05,0,SELF,isin_mapping_final.csv:ca_date
IN8776I01019,INE776I01010,2018-04-05,2999-12-31,1,HIGH,isin_mapping_final.csv:ca_date
IN8780C01014,IN8780C01014,1900-01-01,2020-06-15,0,SELF,isin_mapping_final.csv:ca_date
IN8780C01014,INE780C01023,2020-06-15,2999-12-31,1,LOW,isin_mapping_final.csv:ca_date
IN8790G01022,IN8790G01022,1900-01-01,2024-04-16,0,SELF,isin_mapping_final.csv:ca_date
IN8790G01022,INE790G01031,2024-04-16,2999-12-31,1,HIGH,isin_mapping_final.csv:ca_date
IN8791I01018,IN8791I01018,1900-01-01,2019-09-11,0,SELF,isin_mapping_final.csv:ca_date
IN8791I01018,INE791I01019,2019-09-11,2999-12-31,1,HIGH,isin_mapping_final.csv:ca_date
IN8794B01017,IN8794B01017,1900-01-01,2025-03-19,0,SELF,isin_mapping_final.csv:ca_date
IN8794B01017,INE794B01026,2025-03-19,2999-12-31,1,LOW,isin_mapping_final.csv:ca_date
IN8806A01029,IN8806A01029,1900-01-01,2023-06-21,0,SELF,isin_mapping_final.csv:ca_date
IN8806A01029,INE806A01020,2023-06-21,2999-12-31,1,HIGH,isin_mapping_final.csv:ca_date
IN8807F01018,IN8807F01018,1900-01-01,2015-05-27,0,SELF,isin_mapping_final.csv:ca_date
IN8807F01018,INE807F01027,2015-05-27,2999-12-31,1,HIGH,isin_mapping_final.csv:ca_date
IN8810G01010,IN8810G01010,1900-01-01,2024-01-09,0,SELF,isin_mapping_final.csv:ca_date
IN8810G01010,INE810G01011,2024-01-09,2999-12-31,1,HIGH,isin_mapping_final.csv:ca_date
IN8813H01012,IN8813H01012,1900-01-01,2024-12-07,0,SELF,isin_mapping_final.csv:ca_date
IN8813H01012,INE813H01021,2024-12-07,2999-12-31,1,HIGH,isin_mapping_final.csv:ca_date
IN8821I01013,IN8821I01013,1900-01-01,2015-03-27,0,SELF,isin_mapping_final.csv:ca_date
IN8821I01013,INE821I01022,2015-03-27,2999-12-31,1,HIGH,isin_mapping_final.csv:ca_date
IN8823G01013,IN8823G01013,1900-01-01,2019-01-02,0,SELF,isin_mapping_final.csv:ca_date
IN8823G01013,INE823G01014,2019-01-02,2999-12-31,1,HIGH,isin_mapping_final.csv:ca_date
IN8836B01016,IN8836B01016,1900-01-01,2017-10-12,0,SELF,isin_mapping_final.csv:ca_date
IN8836B01016,INE836B01017,2017-10-12,2999-12-31,1,LOW,isin_mapping_final.csv:ca_date
IN8842C01020,IN8842C01020,1900-01-01,2018-05-22,0,SELF,isin_mapping_final.csv:ca_date
IN8842C01020,INE842C01021,2018-05-22,2999-12-31,1,HIGH,isin_mapping_final.csv:ca_date
IN8845D01013,IN8845D01013,1900-01-01,2024-02-07,0,SELF,isin_mapping_final.csv:ca_date
IN8845D01013,INE845D01014,2024-02-07,2999-12-31,1,HIGH,isin_mapping_final.csv:ca_date
IN8865D01011,IN8865D01011,1900-01-01,2024-04-18,0,SELF,isin_mapping_final.csv:ca_date
IN8865D01011,INE865D01012,2024-04-18,2999-12-31,1,HIGH,isin_mapping_final.csv:ca_date
IN8868B01019,IN8868B01019,1900-01-01,2018-02-02,0,SELF,isin_mapping_final.csv:ca_date
IN8868B01019,INE868B01028,2018-02-02,2999-12-31,1,HIGH,isin_mapping_final.csv:ca_date
IN8878B01018,IN8878B01018,1900-01-01,2024-11-26,0,SELF,isin_mapping_final.csv:ca_date
IN8878B01018,INE878B01027,2024-11-26,2999-12-31,1,LOW,isin_mapping_final.csv:ca_date
IN8879I01011,IN8879I01011,1900-01-01,2024-03-18,0,SELF,isin_mapping_final.csv:ca_date
IN8879I01011,INE879I01012,2024-03-18,2999-12-31,1,HIGH,isin_mapping_final.csv:ca_date
IN8886D01025,IN8886D01025,1900-01-01,2024-02-26,0,SELF,isin_mapping_final.csv:ca_date
IN8886D01025,INE886D01026,2024-02-26,2999-12-31,1,HIGH,isin_mapping_final.csv:ca_date
IN8887G01018,IN8887G01018,1900-01-01,2024-04-24,0,SELF,isin_mapping_final.csv:ca_date
IN8887G01018,INE887G01027,2024-04-24,2999-12-31,1,LOW,isin_mapping_final.csv:ca_date
IN8888B01017,IN8888B01017,1900-01-01,2015-01-28,0,SELF,isin_mapping_final.csv:ca_date
IN8888B01017,INE888B01018,2015-01-28,2999-12-31,1,HIGH,isin_mapping_final.csv:ca_date
IN8893J01028,IN8893J01028,1900-01-01,2021-12-22,0,SELF,isin_mapping_final.csv:ca_date
IN8893J01028,INE893J01029,2021-12-22,2999-12-31,1,HIGH,isin_mapping_final.csv:ca_date
IN8898S01010,IN8898S01010,1900-01-01,2018-02-05,0,SELF,isin_mapping_final.csv:ca_date
IN8898S01010,IN9898S01019,2018-02-05,2999-12-31,1,HIGH,isin_mapping_final.csv:ca_date
IN8912H01012,IN8912H01012,1900-01-01,2014-12-11,0,SELF,isin_mapping_final.csv:ca_date
IN8912H01012,INE912H01013,2014-12-11,2999-12-31,1,HIGH,isin_mapping_final.csv:ca_date
IN8917M01011,IN8917M01011,1900-01-01,2021-04-27,0,SELF,isin_mapping_final.csv:ca_date
IN8917M01011,INE917M01012,2021-04-27,2999-12-31,1,HIGH,isin_mapping_final.csv:ca_date
IN8918Z01011,IN8918Z01011,1900-01-01,2023-12-22,0,SELF,isin_mapping_final.csv:ca_date
IN8918Z01011,INE918Z01012,2023-12-22,2999-12-31,1,HIGH,isin_mapping_final.csv:ca_date
IN8930P01017,IN8930P01017,1900-01-01,2022-10-06,0,SELF,isin_mapping_final.csv:ca_date
IN8930P01017,INE930P01018,2022-10-06,2999-12-31,1,HIGH,isin_mapping_final.csv:ca_date
IN8931S01019,IN8931S01019,1900-01-01,2024-08-05,0,SELF,isin_mapping_final.csv:ca_date
IN8931S01019,INE931S01010,2024-08-05,2999-12-31,1,HIGH,isin_mapping_final.csv:ca_date
IN8933S01015,IN8933S01015,1900-01-01,2021-02-24,0,SELF,isin_mapping_final.csv:ca_date
IN8933S01015,INE933S01016,2021-02-24,2999-12-31,1,HIGH,isin_mapping_final.csv:ca_date
IN8934B01019,IN8934B01019,1900-01-01,2017-11-15,0,SELF,isin_mapping_final.csv:ca_date
IN8934B01019,INE934B01028,2017-11-15,2999-12-31,1,MEDIUM,isin_mapping_final.csv:ca_date
IN8939A01010,IN8939A01010,1900-01-01,2015-12-16,0,SELF,isin_mapping_final.csv:ca_date
IN8939A01010,INE939A01011,2015-12-16,2999-12-31,1,HIGH,isin_mapping_final.csv:ca_date
IN8940H01021,IN8940H01021,1900-01-01,2024-07-22,0,SELF,isin_mapping_final.csv:ca_date
IN8940H01021,INE940H01022,2024-07-22,2999-12-31,1,HIGH,isin_mapping_final.csv:ca_date
IN8943C01018,IN8943C01018,1900-01-01,2018-01-01,0,SELF,isin_mapping_final.csv:ca_date
IN8943C01018,INE943C01027,2018-01-01,2999-12-31,1,MEDIUM,isin_mapping_final.csv:ca_date
IN8943D01016,IN8943D01016,1900-01-01,2015-03-23,0,SELF,isin_mapping_final.csv:ca_date
IN8943D01016,INE943D01017,2015-03-23,2999-12-31,1,HIGH,isin_mapping_final.csv:ca_date
IN8949L01016,IN8949L01016,1900-01-01,2022-06-17,0,SELF,isin_mapping_final.csv:ca_date
IN8949L01016,INE949L01017,2022-06-17,2999-12-31,1,HIGH,isin_mapping_final.csv:ca_date
IN8953O01012,IN8953O01012,1900-01-01,2024-10-16,0,SELF,isin_mapping_final.csv:ca_date
IN8953O01012,INE953O01021,2024-10-16,2999-12-31,1,HIGH,isin_mapping_final.csv:ca_date
IN8955V01012,IN8955V01012,1900-01-01,2021-10-01,0,SELF,isin_mapping_final.csv:ca_date
IN8955V01012,INE955V01021,2021-10-01,2999-12-31,1,HIGH,isin_mapping_final.csv:ca_date
IN8955V01020,IN8955V01020,1900-01-01,2021-04-05,0,SELF,isin_mapping_final.csv:ca_date
IN8955V01020,IN9955V01011,2021-04-05,2999-12-31,1,HIGH,isin_mapping_final.csv:ca_date
IN8976G01019,IN8976G01019,1900-01-01,2020-01-10,0,SELF,isin_mapping_final.csv:ca_date
IN8976G01019,INE976G01028,2020-01-10,2999-12-31,1,MEDIUM,isin_mapping_final.csv:ca_date
IN8982F01019,IN8982F01019,1900-01-01,2014-10-04,0,SELF,isin_mapping_final.csv:ca_date
IN8982F01019,INE982F01036,2014-10-04,2999-12-31,1,MEDIUM,isin_mapping_final.csv:ca_date
IN8987B01025,IN8987B01025,1900-01-01,2017-12-18,0,SELF,isin_mapping_final.csv:ca_date
IN8987B01025,INE987B01026,2017-12-18,2999-12-31,1,HIGH,isin_mapping_final.csv:ca_date
IN8998I01019,IN8998I01019,1900-01-01,2017-07-17,0,SELF,isin_mapping_final.csv:ca_date
IN8998I01019,INE998I01010,2017-07-17,2999-12-31,1,HIGH,isin_mapping_final.csv:ca_date
IN8999B01012,IN8999B01012,1900-01-01,2018-01-29,0,SELF,isin_mapping_final.csv:ca_date
IN8999B01012,INE999B01013,2018-01-29,2999-12-31,1,MEDIUM,isin_mapping_final.csv:ca_date
IN9002A01024,IN9002A01024,1900-01-01,2020-06-30,0,SELF,isin_mapping_final.csv:ca_date
IN9002A01024,INE002A01018,2020-06-30,2999-12-31,1,HIGH,isin_mapping_final.csv:ca_date
IN9002A01032,IN9002A01032,1900-01-01,2021-12-10,0,SELF,isin_mapping_final.csv:ca_date
IN9002A01032,INE002A01018,2021-12-10,2999-12-31,1,HIGH,isin_mapping_final.csv:ca_date
IN9036D01042,IN9036D01042,1900-01-01,2011-06-08,0,SELF,isin_mapping_final.csv:ca_date
IN9036D01042,IN9036D01059,2011-06-08,2011-07-22,1,HIGH,isin_mapping_final.csv:ca_date
IN9036D01042,INE036D01010,2011-07-22,2016-11-16,2,HIGH,isin_mapping_final.csv:ca_date
IN9036D01042,INE036D01028,2016-11-16,2999-12-31,3,HIGH,isin_mapping_final.csv:ca_date
IN9036D01059,IN9036D01059,1900-01-01,2011-07-22,0,SELF,isin_mapping_final.csv:ca_date
IN9036D01059,INE036D01010,2011-07-22,2016-11-16,1,HIGH,isin_mapping_final.csv:ca_date
IN9036D01059,INE036D01028,2016-11-16,2999-12-31,2,HIGH,isin_mapping_final.csv:ca_date
IN9081A01010,IN9081A01010,1900-01-01,2019-02-25,0,SELF,isin_mapping_final.csv:ca_date
IN9081A01010,INE081A01012,2019-02-25,2999-12-31,1,HIGH,isin_mapping_final.csv:ca_date
IN9148I01010,IN9148I01010,1900-01-01,2024-09-06,0,SELF,isin_mapping_final.csv:ca_date
IN9148I01010,IN8148I01011,2024-09-06,2024-09-11,1,HIGH,isin_mapping_final.csv:ca_date
IN9148I01010,INE148I01020,2024-09-11,2999-12-31,2,HIGH,isin_mapping_final.csv:ca_date
IN9155A01012,IN9155A01012,1900-01-01,2011-09-10,0,SELF,isin_mapping_final.csv:ca_date
IN9155A01012,INE155A01022,2011-09-10,2999-12-31,1,HIGH,isin_mapping_final.csv:ca_date
IN9155A01020,IN9155A01020,1900-01-01,2016-07-18,0,SELF,isin_mapping_final.csv:ca_date
IN9155A01020,INE155A01022,2016-07-18,2999-12-31,1,HIGH,isin_mapping_final.csv:ca_date
IN9232I01012,IN9232I01012,1900-01-01,2013-04-04,0,SELF,isin_mapping_final.csv:ca_date
IN9232I01012,IN8232I01013,2013-04-04,2999-12-31,1,HIGH,isin_mapping_final.csv:ca_date
IN9573K01023,IN9573K01023,1900-01-01,2021-03-24,0,SELF,isin_mapping_final.csv:ca_date
IN9573K01023,INE573K01025,2021-03-24,2999-12-31,1,MEDIUM,isin_mapping_final.csv:ca_date
IN9828O01015,IN9828O01015,1900-01-01,2024-08-13,0,SELF,isin_mapping_final.csv:ca_date
IN9828O01015,INE828O01033,2024-08-13,2999-12-31,1,HIGH,isin_mapping_final.csv:ca_date
IN9959B01015,IN9959B01015,1900-01-01,2025-03-18,0,SELF,isin_mapping_final.csv:ca_date
IN9959B01015,INE959B01017,2025-03-18,2999-12-31,1,HIGH,isin_mapping_final.csv:ca_date
INE001A13023,INE001A13023,1900-01-01,2012-01-25,0,SELF,isin_mapping_final.csv:ca_date
INE001A13023,INE001A01036,2012-01-25,2999-12-31,1,MEDIUM,isin_mapping_final.csv:ca_date
INE005B01019,INE005B01019,1900-01-01,2022-12-19,0,SELF,isin_mapping_final.csv:ca_date
INE005B01019,INE005B01027,2022-12-19,2999-12-31,1,LOW,isin_mapping_final.csv:ca_date
INE006I01020,INE006I01020,1900-01-01,2013-09-04,0,SELF,isin_mapping_final.csv:ca_date
INE006I01020,INE006I01038,2013-09-04,2014-09-24,1,HIGH,isin_mapping_final.csv:ca_date
INE006I01020,INE006I01046,2014-09-24,2999-12-31,2,HIGH,isin_mapping_final.csv:ca_date
INE006I01038,INE006I01038,1900-01-01,2014-09-24,0,SELF,isin_mapping_final.csv:ca_date
INE006I01038,INE006I01046,2014-09-24,2999-12-31,1,HIGH,isin_mapping_final.csv:ca_date
INE007A01017,INE007A01017,1900-01-01,2011-09-27,0,SELF,isin_mapping_final.csv:ca_date
INE007A01017,INE007A01025,2011-09-27,2999-12-31,1,HIGH,isin_mapping_final.csv:ca_date
INE007B20015,INE007B20015,1900-01-01,2024-10-17,0,SELF,isin_mapping_final.csv:ca_date
INE007B20015,INE007B01023,2024-10-17,2999-12-31,1,HIGH,isin_mapping_final.csv:ca_date
INE008I01018,INE008I01018,1900-01-01,2011-06-20,0,SELF,isin_mapping_final.csv:ca_date
INE008I01018,INE008I01026,2011-06-20,2999-12-31,1,HIGH,isin_mapping_final.csv:ca_date
INE008Z01012,INE008Z01012,1900-01-01,2023-05-19,0,SELF,isin_mapping_final.csv:ca_date
INE008Z01012,INE008Z01020,2023-05-19,2999-12-31,1,HIGH,isin_mapping_final.csv:ca_date
INE00IK01011,INE00IK01011,1900-01-01,2022-10-28,0,SELF,isin_mapping_final.csv:ca_date
INE00IK01011,INE00IK01029,2022-10-28,2999-12-31,1,LOW,isin_mapping_final.csv:ca_date
INE00KV01014,INE00KV01014,1900-01-01,2022-12-01,0,SELF,isin_mapping_final.csv:ca_date
INE00KV01014,INE00KV01022,2022-12-01,2999-12-31,1,HIGH,isin_mapping_final.csv:ca_date
INE00LM01011,INE00LM01011,1900-01-01,2023-01-20,0,SELF,isin_mapping_final.csv:ca_date
INE00LM01011,INE00LM01029,2023-01-20,2999-12-31,1,MEDIUM,isin_mapping_final.csv:ca_date
INE00R701017,INE00R701017,1900-01-01,2019-01-17,0,SELF,isin_mapping_final.csv:ca_date
INE00R701017,IN800R701016,2019-01-17,2999-12-31,1,HIGH,isin_mapping_final.csv:ca_date
INE00TV01015,INE00TV01015,1900-01-01,2024-11-22,0,SELF,isin_mapping_final.csv:ca_date
INE00TV01015,INE00TV01023,2024-11-22,2999-12-31,1,HIGH,isin_mapping_final.csv:ca_date
INE00VM01010,INE00VM01010,1900-01-01,2024-03-06,0,SELF,isin_mapping_final.csv:ca_date
INE00VM01010,INE00VM01036,2024-03-06,2999-12-31,1,HIGH,isin_mapping_final.csv:ca_date
INE00WC01019,INE00WC01019,1900-01-01,2021-10-06,0,SELF,isin_mapping_final.csv:ca_date
INE00WC01019,INE00WC01027,2021-10-06,2999-12-31,1,HIGH,isin_mapping_final.csv:ca_date
INE00Z501011,INE00Z501011,1900-01-01,2022-09-01,0,SELF,isin_mapping_final.csv:ca_date
INE00Z501011,INE00Z501029,2022-09-01,2999-12-31,1,HIGH,isin_mapping_final.csv:ca_date
INE010B01019,INE010B01019,1900-01-01,2015-10-05,0,SELF,isin_mapping_final.csv:ca_date
INE010B01019,INE010B01027,2015-10-05,2999-12-31,1,HIGH,isin_mapping_final.csv:ca_date
INE013801019,INE013801019,1900-01-01,2022-10-28,0,SELF,isin_mapping_final.csv:ca_date
INE013801019,INE013801027,2022-10-28,2999-12-31,1,HIGH,isin_mapping_final.csv:ca_date
INE019A01020,INE019A01020,1900-01-01,2017-03-01,0,SELF,isin_mapping_final.csv:ca_date
INE019A01020,INE019A01038,2017-03-01,2999-12-31,1,HIGH,isin_mapping_final.csv:ca_date
INE01C001018,INE01C001018,1900-01-01,2024-08-12,0,SELF,isin_mapping_final.csv:ca_date
INE01C001018,INE01C001026,2024-08-12,2999-12-31,1,HIGH,isin_mapping_final.csv:ca_date
INE01GN01017,INE01GN01017,1900-01-01,2023-01-20,0,SELF,isin_mapping_final.csv:ca_date
INE01GN01017,INE01GN01025,2023-01-20,2999-12-31,1,MEDIUM,isin_mapping_final.csv:ca_date
INE01KI01019,INE01KI01019,1900-01-01,2023-02-24,0,SELF,isin_mapping_final.csv:ca_date
INE01KI01019,INE01KI01027,2023-02-24,2999-12-31,1,MEDIUM,isin_mapping_final.csv:ca_date
INE021A01018,INE021A01018,1900-01-01,2013-07-29,0,SELF,isin_mapping_final.csv:ca_date
INE021A01018,INE021A01026,2013-07-29,2999-12-31,1,HIGH,isin_mapping_final.csv:ca_date
INE022Q01012,INE022Q01012,1900-01-01,2018-10-17,0,SELF,isin_mapping_final.csv:ca_date
INE022Q01012,INE022Q01020,2018-10-17,2999-12-31,1,HIGH,isin_mapping_final.csv:ca_date
INE023M01019,INE023M01019,1900-01-01,2012-10-12,0,SELF,isin_mapping_final.csv:ca_date
INE023M01019,INE023M01027,2012-10-12,2999-12-31,1,LOW,isin_mapping_final.csv:ca_date
INE024L01019,INE024L01019,1900-01-01,2012-05-29,0,SELF,isin_mapping_final.csv:ca_date
INE024L01019,INE024L01027,2012-05-29,2999-12-31,1,HIGH,isin_mapping_final.csv:ca_date
INE025B01017,INE025B01017,1900-01-01,2022-03-30,0,SELF,isin_mapping_final.csv:ca_date
INE025B01017,INE025B01025,2022-03-30,2999-12-31,1,HIGH,isin_mapping_final.csv:ca_date
INE026A01017,INE026A01017,1900-01-01,2012-09-18,0,SELF,isin_mapping_final.csv:ca_date
INE026A01017,INE026A01025,2012-09-18,2999-12-31,1,HIGH,isin_mapping_final.csv:ca_date
INE028A01013,INE028A01013,1900-01-01,2015-01-21,0,SELF,isin_mapping_final.csv:ca_date
INE028A01013,INE028A01039,2015-01-21,2999-12-31,1,HIGH,isin_mapping_final.csv:ca_date
INE028B01011,INE028B01011,1900-01-01,2014-02-03,0,SELF,isin_mapping_final.csv:ca_date
INE028B01011,INE028B01029,2014-02-03,2999-12-31,1,MEDIUM,isin_mapping_final.csv:ca_date
INE02EZ01014,INE02EZ01014,1900-01-01,2022-10-24,0,SELF,isin_mapping_final.csv:ca_date
INE02EZ01014,INE02EZ01022,2022-10-24,2999-12-31,1,HIGH,isin_mapping_final.csv:ca_date
INE02WG01016,INE02WG01016,1900-01-01,2024-11-12,0,SELF,isin_mapping_final.csv:ca_date
INE02WG01016,INE02WG01024,2024-11-12,2999-12-31,1,HIGH,isin_mapping_final.csv:ca_date
INE030T01019,INE030T01019,1900-01-01,2023-07-20,0,SELF,isin_mapping_final.csv:ca_date
INE030T01019,INE030T01027,2023-07-20,2999-12-31,1,HIGH,isin_mapping_final.csv:ca_date
INE031B01015,INE031B01015,1900-01-01,2012-08-08,0,SELF,isin_mapping_final.csv:ca_date
INE031B01015,INE031B01031,2012-08-08,2015-03-19,1,HIGH,isin_mapping_final.csv:ca_date
INE031B01015,INE031B01049,2015-03-19,2999-12-31,2,HIGH,isin_mapping_final.csv:ca_date
INE031B01031,INE031B01031,1900-01-01,2015-03-19,0,SELF,isin_mapping_final.csv:ca_date
INE031B01031,INE031B01049,2015-03-19,2999-12-31,1,HIGH,isin_mapping_final.csv:ca_date
INE032A01015,INE032A01015,1900-01-01,2012-10-29,0,SELF,isin_mapping_final.csv:ca_date
INE032A01015,INE032A01023,2012-10-29,2999-12-31,1,HIGH,isin_mapping_final.csv:ca_date
INE032Z01012,INE032Z01012,1900-01-01,2022-09-27,0,SELF,isin_mapping_final.csv:ca_date
INE032Z01012,INE032Z01020,2022-09-27,2999-12-31,1,HIGH,isin_mapping_final.csv:ca_date
INE034D01031,INE034D01031,1900-01-01,2021-12-27,0,SELF,isin_mapping_final.csv:ca_date
INE034D01031,INE034D01049,2021-12-27,2999-12-31,1,HIGH,isin_mapping_final.csv:ca_date
INE035D01012,INE035D01012,1900-01-01,2022-08-30,0,SELF,isin_mapping_final.csv:ca_date
INE035D01012,INE035D01020,2022-08-30,2999-12-31,1,HIGH,isin_mapping_final.csv:ca_date
INE036B01022,INE036B01022,1900-01-01,2020-09-30,0,SELF,isin_mapping_final.csv:ca_date
INE036B01022,INE036B01030,2020-09-30,2999-12-31,1,HIGH,isin_mapping_final.csv:ca_date
INE036D01010,INE036D01010,1900-01-01,2016-11-16,0,SELF,isin_mapping_final.csv:ca_date
INE036D01010,INE036D01028,2016-11-16,2999-12-31,1,HIGH,isin_mapping_final.csv:ca_date
INE039C01016,INE039C01016,1900-01-01,2015-12-05,0,SELF,isin_mapping_final.csv:ca_date
INE039C01016,INE039C01024,2015-12-05,2017-10-04,1,HIGH,isin_mapping_final.csv:ca_date
INE039C01016,INE039C01032,2017-10-04,2999-12-31,2,HIGH,isin_mapping_final.csv:ca_date
INE039C01024,INE039C01024,1900-01-01,2017-10-04,0,SELF,isin_mapping_final.csv:ca_date
INE039C01024,INE039C01032,2017-10-04,2999-12-31,1,HIGH,isin_mapping_final.csv:ca_date
INE039O01011,INE039O01011,1900-01-01,2024-10-29,0,SELF,isin_mapping_final.csv:ca_date
INE039O01011,INE039O01029,2024-10-29,2999-12-31,1,HIGH,isin_mapping_final.csv:ca_date
INE03RS01019,INE03RS01019,1900-01-01,2022-03-15,0,SELF,isin_mapping_final.csv:ca_date
INE03RS01019,INE03RS01027,2022-03-15,2999-12-31,1,HIGH,isin_mapping_final.csv:ca_date
INE040A01018,INE040A01018,1900-01-01,2011-07-13,0,SELF,isin_mapping_final.csv:ca_date
INE040A01018,INE040A01026,2011-07-13,2019-09-18,1,HIGH,isin_mapping_final.csv:ca_date
INE040A01018,INE040A01034,2019-09-18,2999-12-31,2,HIGH,isin_mapping_final.csv:ca_date
INE040A01026,INE040A01026,1900-01-01,2019-09-18,0,SELF,isin_mapping_final.csv:ca_date
INE040A01026,INE040A01034,2019-09-18,2999-12-31,1,HIGH,isin_mapping_final.csv:ca_date
INE040D01012,INE040D01012,1900-01-01,2013-09-27,0,SELF,isin_mapping_final.csv:ca_date
INE040D01012,INE040D01038,2013-09-27,2999-12-31,1,HIGH,isin_mapping_final.csv:ca_date
INE043K01011,INE043K01011,1900-01-01,2014-01-23,0,SELF,isin_mapping_final.csv:ca_date
INE043K01011,INE043K01029,2014-01-23,2999-12-31,1,HIGH,isin_mapping_final.csv:ca_date
INE045J01018,INE045J01018,1900-01-01,2015-06-13,0,SELF,isin_mapping_final.csv:ca_date
INE045J01018,INE045J01026,2015-06-13,2999-12-31,1,HIGH,isin_mapping_final.csv:ca_date
INE047A01013,INE047A01013,1900-01-01,2016-10-05,0,SELF,isin_mapping_final.csv:ca_date
INE047A01013,INE047A01021,2016-10-05,2999-12-31,1,HIGH,isin_mapping_final.csv:ca_date
INE047A20013,INE047A20013,1900-01-01,2024-01-24,0,SELF,isin_mapping_final.csv:ca_date
INE047A20013,INE047A01021,2024-01-24,2999-12-31,1,HIGH,isin_mapping_final.csv:ca_date
INE048B01027,INE048B01027,1900-01-01,2025-01-07,0,SELF,isin_mapping_final.csv:ca_date
INE048B01027,INE048B01035,2025-01-07,2999-12-31,1,HIGH,isin_mapping_final.csv:ca_date
INE048G01018,INE048G01018,1900-01-01,2017-07-18,0,SELF,isin_mapping_final.csv:ca_date
INE048G01018,INE048G01026,2017-07-18,2999-12-31,1,HIGH,isin_mapping_final.csv:ca_date
INE050A01017,INE050A01017,1900-01-01,2012-11-07,0,SELF,isin_mapping_final.csv:ca_date
INE050A01017,INE050A01025,2012-11-07,2999-12-31,1,HIGH,isin_mapping_final.csv:ca_date
INE051N01018,INE051N01018,1900-01-01,2022-02-14,0,SELF,isin_mapping_final.csv:ca_date
INE051N01018,INE051N01026,2022-02-14,2999-12-31,1,HIGH,isin_mapping_final.csv:ca_date
INE052001018,INE052001018,1900-01-01,2021-11-01,0,SELF,isin_mapping_final.csv:ca_date
INE052001018,INE052001026,2021-11-01,2999-12-31,1,MEDIUM,isin_mapping_final.csv:ca_date
INE052I01016,INE052I01016,1900-01-01,2011-11-01,0,SELF,isin_mapping_final.csv:ca_date
INE052I01016,INE052I01032,2011-11-01,2999-12-31,1,MEDIUM,isin_mapping_final.csv:ca_date
INE053A20011,INE053A20011,1900-01-01,2021-12-02,0,SELF,isin_mapping_final.csv:ca_date
INE053A20011,INE053A01029,2021-12-02,2999-12-31,1,HIGH,isin_mapping_final.csv:ca_date
INE054A01019,INE054A01019,1900-01-01,2011-10-29,0,SELF,isin_mapping_final.csv:ca_date
INE054A01019,INE054A01027,2011-10-29,2999-12-31,1,HIGH,isin_mapping_final.csv:ca_date
INE056I01017,INE056I01017,1900-01-01,2024-03-26,0,SELF,isin_mapping_final.csv:ca_date
INE056I01017,INE056I01025,2024-03-26,2999-12-31,1,HIGH,isin_mapping_final.csv:ca_date
INE059D01012,INE059D01012,1900-01-01,2014-09-26,0,SELF,isin_mapping_final.csv:ca_date
INE059D01012,INE059D01020,2014-09-26,2999-12-31,1,HIGH,isin_mapping_final.csv:ca_date
INE05AN20011,INE05AN20011,1900-01-01,2024-11-18,0,SELF,isin_mapping_final.csv:ca_date
INE05AN20011,INE05AN01011,2024-11-18,2999-12-31,1,HIGH,isin_mapping_final.csv:ca_date
INE05FR01011,INE05FR01011,1900-01-01,2023-07-18,0,SELF,isin_mapping_final.csv:ca_date
INE05FR01011,INE05FR01029,2023-07-18,2999-12-31,1,HIGH,isin_mapping_final.csv:ca_date
INE05ST01010,INE05ST01010,1900-01-01,2024-04-19,0,SELF,isin_mapping_final.csv:ca_date
INE05ST01010,INE05ST01028,2024-04-19,2999-12-31,1,HIGH,isin_mapping_final.csv:ca_date
INE060901019,INE060901019,1900-01-01,2022-12-03,0,SELF,isin_mapping_final.csv:ca_date
INE060901019,INE060901027,2022-12-03,2999-12-31,1,HIGH,isin_mapping_final.csv:ca_date
INE060X01018,INE060X01018,1900-01-01,2022-11-28,0,SELF,isin_mapping_final.csv:ca_date
INE060X01018,INE060X01026,2022-11-28,2999-12-31,1,HIGH,isin_mapping_final.csv:ca_date
INE062A01012,INE062A01012,1900-01-01,2014-11-19,0,SELF,isin_mapping_final.csv:ca_date
INE062A01012,INE062A01020,2014-11-19,2999-12-31,1,HIGH,isin_mapping_final.csv:ca_date
INE062A08058,INE062A08058,1900-01-01,2019-05-24,0,SELF,isin_mapping_final.csv:ca_date
INE062A08058,INE062A01020,2019-05-24,2999-12-31,1,HIGH,isin_mapping_final.csv:ca_date
INE063D01022,INE063D01022,1900-01-01,2017-04-03,0,SELF,isin_mapping_final.csv:ca_date
INE063D01022,INE063D01030,2017-04-03,2999-12-31,1,HIGH,isin_mapping_final.csv:ca_date
INE063E01046,INE063E01046,1900-01-01,2024-10-15,0,SELF,isin_mapping_final.csv:ca_date
INE063E01046,INE063E01053,2024-10-15,2999-12-31,1,HIGH,isin_mapping_final.csv:ca_date
INE064C01014,INE064C01014,1900-01-01,2019-12-12,0,SELF,isin_mapping_final.csv:ca_date
INE064C01014,INE064C01022,2019-12-12,2999-12-31,1,HIGH,isin_mapping_final.csv:ca_date
INE065J01016,INE065J01016,1900-01-01,2023-12-15,0,SELF,isin_mapping_final.csv:ca_date
INE065J01016,INE065J01024,2023-12-15,2999-12-31,1,HIGH,isin_mapping_final.csv:ca_date
INE066A01013,INE066A01013,1900-01-01,2020-08-21,0,SELF,isin_mapping_final.csv:ca_date
INE066A01013,INE066A01021,2020-08-21,2999-12-31,1,HIGH,isin_mapping_final.csv:ca_date
INE066F01012,INE066F01012,1900-01-01,2023-10-03,0,SELF,isin_mapping_final.csv:ca_date
INE066F01012,INE066F01020,2023-10-03,2999-12-31,1,HIGH,isin_mapping_final.csv:ca_date
INE068L01016,INE068L01016,1900-01-01,2023-10-19,0,SELF,isin_mapping_final.csv:ca_date
INE068L01016,INE068L01024,2023-10-19,2999-12-31,1,LOW,isin_mapping_final.csv:ca_date
INE06IR01013,INE06IR01013,1900-01-01,2023-01-20,0,SELF,isin_mapping_final.csv:ca_date
INE06IR01013,INE06IR01021,2023-01-20,2999-12-31,1,MEDIUM,isin_mapping_final.csv:ca_date
INE06IR13018,INE06IR13018,1900-01-01,2023-06-23,0,SELF,isin_mapping_final.csv:ca_date
INE06IR13018,INE06IR01021,2023-06-23,2999-12-31,1,HIGH,isin_mapping_final.csv:ca_date
INE075B01012,INE075B01012,1900-01-01,2022-12-27,0,SELF,isin_mapping_final.csv:ca_date
INE075B01012,INE075B01020,2022-12-27,2999-12-31,1,LOW,isin_mapping_final.csv:ca_date
INE076B01010,INE076B01010,1900-01-01,2017-10-24,0,SELF,isin_mapping_final.csv:ca_date
INE076B01010,INE076B01028,2017-10-24,2999-12-31,1,HIGH,isin_mapping_final.csv:ca_date
INE077F01027,INE077F01027,1900-01-01,2014-06-04,0,SELF,isin_mapping_final.csv:ca_date
INE077F01027,IN8077F01026,2014-06-04,2999-12-31,1,HIGH,isin_mapping_final.csv:ca_date
INE07O001018,INE07O001018,1900-01-01,2022-11-19,0,SELF,isin_mapping_final.csv:ca_date
INE07O001018,INE07O001026,2022-11-19,2999-12-31,1,HIGH,isin_mapping_final.csv:ca_date
INE083B01016,INE083B01016,1900-01-01,2023-10-11,0,SELF,isin_mapping_final.csv:ca_date
INE083B01016,INE083B01024,2023-10-11,2999-12-31,1,HIGH,isin_mapping_final.csv:ca_date
INE089A01023,INE089A01023,1900-01-01,2024-10-26,0,SELF,isin_mapping_final.csv:ca_date
INE089A01023,INE089A01031,2024-10-26,2999-12-31,1,HIGH,isin_mapping_final.csv:ca_date
INE090A01013,INE090A01013,1900-01-01,2014-12-03,0,SELF,isin_mapping_final.csv:ca_date
INE090A01013,INE090A01021,2014-12-03,2999-12-31,1,HIGH,isin_mapping_final.csv:ca_date
INE091G01018,INE091G01018,1900-01-01,2025-01-16,0,SELF,isin_mapping_final.csv:ca_date
INE091G01018,INE091G01026,2025-01-16,2999-12-31,1,HIGH,isin_mapping_final.csv:ca_date
INE094S20017,INE094S20017,1900-01-01,2024-04-09,0,SELF,isin_mapping_final.csv:ca_date
INE094S20017,INE094S01041,2024-04-09,2999-12-31,1,HIGH,isin_mapping_final.csv:ca_date
INE095N01015,INE095N01015,1900-01-01,2016-01-06,0,SELF,isin_mapping_final.csv:ca_date
INE095N01015,INE095N01023,2016-01-06,2018-04-27,1,HIGH,isin_mapping_final.csv:ca_date
INE095N01015,INE095N01031,2018-04-27,2999-12-31,2,HIGH,isin_mapping_final.csv:ca_date
INE095N01023,INE095N01023,1900-01-01,2018-04-27,0,SELF,isin_mapping_final.csv:ca_date
INE095N01023,INE095N01031,2018-04-27,2999-12-31,1,HIGH,isin_mapping_final.csv:ca_date
INE096L01017,INE096L01017,1900-01-01,2016-06-29,0,SELF,isin_mapping_final.csv:ca_date
INE096L01017,INE096L01025,2016-06-29,2999-12-31,1,HIGH,isin_mapping_final.csv:ca_date
INE098201028,INE098201028,1900-01-01,2023-02-16,0,SELF,isin_mapping_final.csv:ca_date
INE098201028,INE098201036,2023-02-16,2999-12-31,1,HIGH,isin_mapping_final.csv:ca_date
INE098F01015,INE098F01015,1900-01-01,2012-10-26,0,SELF,isin_mapping_final.csv:ca_date
INE098F01015,INE098F01031,2012-10-26,2999-12-31,1,MEDIUM,isin_mapping_final.csv:ca_date
INE0ALR01011,INE0ALR01011,1900-01-01,2023-11-06,0,SELF,isin_mapping_final.csv:ca_date
INE0ALR01011,INE0ALR01029,2023-11-06,2999-12-31,1,LOW,isin_mapping_final.csv:ca_date
INE0APB01016,INE0APB01016,1900-01-01,2022-08-20,0,SELF,isin_mapping_final.csv:ca_date
INE0APB01016,INE0APB01024,2022-08-20,2999-12-31,1,HIGH,isin_mapping_final.csv:ca_date
INE0BDU01010,INE0BDU01010,1900-01-01,2023-03-20,0,SELF,isin_mapping_final.csv:ca_date
INE0BDU01010,INE0BDU01028,2023-03-20,2999-12-31,1,HIGH,isin_mapping_final.csv:ca_date
INE0BTI01029,INE0BTI01029,1900-01-01,2024-06-14,0,SELF,isin_mapping_final.csv:ca_date
INE0BTI01029,INE0BTI01037,2024-06-14,2999-12-31,1,HIGH,isin_mapping_final.csv:ca_date
INE0D0K01014,INE0D0K01014,1900-01-01,2023-10-10,0,SELF,isin_mapping_final.csv:ca_date
INE0D0K01014,INE0D0K01022,2023-10-10,2999-12-31,1,HIGH,isin_mapping_final.csv:ca_date
INE0D6I01015,INE0D6I01015,1900-01-01,2025-02-05,0,SELF,isin_mapping_final.csv:ca_date
INE0D6I01015,INE0D6I01023,2025-02-05,2999-12-31,1,HIGH,isin_mapping_final.csv:ca_date
INE0DK520011,INE0DK520011,1900-01-01,2023-08-10,0,SELF,isin_mapping_final.csv:ca_date
INE0DK520011,INE0DK501011,2023-08-10,2999-12-31,1,HIGH,isin_mapping_final.csv:ca_date
INE0ECP01016,INE0ECP01016,1900-01-01,2023-12-28,0,SELF,isin_mapping_final.csv:ca_date
INE0ECP01016,INE0ECP01024,2023-12-28,2999-12-31,1,HIGH,isin_mapping_final.csv:ca_date
INE0EEJ01015,INE0EEJ01015,1900-01-01,2024-04-05,0,SELF,isin_mapping_final.csv:ca_date
INE0EEJ01015,INE0EEJ01023,2024-04-05,2999-12-31,1,HIGH,isin_mapping_final.csv:ca_date
INE0FHS01016,INE0FHS01016,1900-01-01,2023-04-11,0,SELF,isin_mapping_final.csv:ca_date
INE0FHS01016,INE0FHS01024,2023-04-11,2999-12-31,1,HIGH,isin_mapping_final.csv:ca_date
INE0FRK01012,INE0FRK01012,1900-01-01,2024-11-07,0,SELF,isin_mapping_final.csv:ca_date
INE0FRK01012,INE0FRK01020,2024-11-07,2999-12-31,1,HIGH,isin_mapping_final.csv:ca_date
INE0GFE01018,INE0GFE01018,1900-01-01,2024-12-12,0,SELF,isin_mapping_final.csv:ca_date
INE0GFE01018,INE0GFE01026,2024-12-12,2999-12-31,1,HIGH,isin_mapping_final.csv:ca_date
INE0GSL01016,INE0GSL01016,1900-01-01,2023-11-08,0,SELF,isin_mapping_final.csv:ca_date
INE0GSL01016,INE0GSL01024,2023-11-08,2999-12-31,1,LOW,isin_mapping_final.csv:ca_date
INE0HPK01012,INE0HPK01012,1900-01-01,2022-07-01,0,SELF,isin_mapping_final.csv:ca_date
INE0HPK01012,INE0HPK01020,2022-07-01,2999-12-31,1,HIGH,isin_mapping_final.csv:ca_date
INE0HPK20012,INE0HPK20012,1900-01-01,2023-10-10,0,SELF,isin_mapping_final.csv:ca_date
INE0HPK20012,INE0HPK01020,2023-10-10,2999-12-31,1,HIGH,isin_mapping_final.csv:ca_date
INE0JOO01013,INE0JOO01013,1900-01-01,2023-05-15,0,SELF,isin_mapping_final.csv:ca_date
INE0JOO01013,INE0JOO01021,2023-05-15,2999-12-31,1,HIGH,isin_mapping_final.csv:ca_date
INE0K1401012,INE0K1401012,1900-01-01,2024-12-11,0,SELF,isin_mapping_final.csv:ca_date
INE0K1401012,INE0K1401020,2024-12-11,2999-12-31,1,HIGH,isin_mapping_final.csv:ca_date
INE0KKN01011,INE0KKN01011,1900-01-01,2023-03-13,0,SELF,isin_mapping_final.csv:ca_date
INE0KKN01011,INE0KKN01029,2023-03-13,2999-12-31,1,HIGH,isin_mapping_final.csv:ca_date
INE0LGX01016,INE0LGX01016,1900-01-01,2025-01-27,0,SELF,isin_mapping_final.csv:ca_date
INE0LGX01016,INE0LGX01024,2025-01-27,2999-12-31,1,HIGH,isin_mapping_final.csv:ca_date
INE0MJQ01012,INE0MJQ01012,1900-01-01,2025-02-14,0,SELF,isin_mapping_final.csv:ca_date
INE0MJQ01012,INE0MJQ01020,2025-02-14,2999-12-31,1,HIGH,isin_mapping_final.csv:ca_date
INE0OMO01017,INE0OMO01017,1900-01-01,2024-08-08,0,SELF,isin_mapping_final.csv:ca_date
INE0OMO01017,INE0OMO01025,2024-08-08,2999-12-31,1,HIGH,isin_mapping_final.csv:ca_date
INE0Q8P01011,INE0Q8P01011,1900-01-01,2024-08-31,0,SELF,isin_mapping_final.csv:ca_date
INE0Q8P01011,INE0Q8P01029,2024-08-31,2999-12-31,1,HIGH,isin_mapping_final.csv:ca_date
INE101D01012,INE101D01012,1900-01-01,2015-03-20,0,SELF,isin_mapping_final.csv:ca_date
INE101D01012,INE101D01020,2015-03-20,2999-12-31,1,HIGH,isin_mapping_final.csv:ca_date
INE105A01027,INE105A01027,1900-01-01,2011-06-24,0,SELF,isin_mapping_final.csv:ca_date
INE105A01027,INE105A01035,2011-06-24,2999-12-31,1,MEDIUM,isin_mapping_final.csv:ca_date
INE106T01017,INE106T01017,1900-01-01,2023-03-17,0,SELF,isin_mapping_final.csv:ca_date
INE106T01017,INE106T01025,2023-03-17,2999-12-31,1,HIGH,isin_mapping_final.csv:ca_date
INE106T13061,INE106T13061,1900-01-01,2024-09-16,0,SELF,isin_mapping_final.csv:ca_date
INE106T13061,INE106T01025,2024-09-16,2999-12-31,1,HIGH,isin_mapping_final.csv:ca_date
INE111A01017,INE111A01017,1900-01-01,2018-06-25,0,SELF,isin_mapping_final.csv:ca_date
INE111A01017,INE111A01025,2018-06-25,2999-12-31,1,HIGH,isin_mapping_final.csv:ca_date
INE111Q01013,INE111Q01013,1900-01-01,2022-08-26,0,SELF,isin_mapping_final.csv:ca_date
INE111Q01013,INE111Q01021,2022-08-26,2999-12-31,1,HIGH,isin_mapping_final.csv:ca_date
INE112A01015,INE112A01015,1900-01-01,2015-01-21,0,SELF,isin_mapping_final.csv:ca_date
INE112A01015,INE112A01023,2015-01-21,2999-12-31,1,HIGH,isin_mapping_final.csv:ca_date
INE112F01014,INE112F01014,1900-01-01,2015-10-17,0,SELF,isin_mapping_final.csv:ca_date
INE112F01014,INE112F01022,2015-10-17,2999-12-31,1,HIGH,isin_mapping_final.csv:ca_date
INE116A01024,INE116A01024,1900-01-01,2019-07-03,0,SELF,isin_mapping_final.csv:ca_date
INE116A01024,INE116A01032,2019-07-03,2999-12-31,1,HIGH,isin_mapping_final.csv:ca_date
INE120A01026,INE120A01026,1900-01-01,2011-10-04,0,SELF,isin_mapping_final.csv:ca_date
INE120A01026,INE120A01034,2011-10-04,2999-12-31,1,HIGH,isin_mapping_final.csv:ca_date
INE121A01016,INE121A01016,1900-01-01,2019-06-13,0,SELF,isin_mapping_final.csv:ca_date
INE121A01016,INE121A01024,2019-06-13,2999-12-31,1,HIGH,isin_mapping_final.csv:ca_date
INE124E01012,INE124E01012,1900-01-01,2017-03-29,0,SELF,isin_mapping_final.csv:ca_date
INE124E01012,INE124E01020,2017-03-29,2999-12-31,1,MEDIUM,isin_mapping_final.csv:ca_date
INE127T01013,INE127T01013,1900-01-01,2023-03-13,0,SELF,isin_mapping_final.csv:ca_date
INE127T01013,INE127T01021,2023-03-13,2999-12-31,1,HIGH,isin_mapping_final.csv:ca_date
INE131B01021,INE131B01021,1900-01-01,2013-11-26,0,SELF,isin_mapping_final.csv:ca_date
INE131B01021,INE131B01039,2013-11-26,2999-12-31,1,HIGH,isin_mapping_final.csv:ca_date
INE136C01036,INE136C01036,1900-01-01,2021-03-16,0,SELF,isin_mapping_final.csv:ca_date
INE136C01036,IN8136C01035,2021-03-16,2999-12-31,1,HIGH,isin_mapping_final.csv:ca_date
INE138C01016,INE138C01016,1900-01-01,2011-04-21,0,SELF,isin_mapping_final.csv:ca_date
INE138C01016,INE138C01024,2011-04-21,2999-12-31,1,HIGH,isin_mapping_final.csv:ca_date
INE139A01026,INE139A01026,1900-01-01,2011-03-14,0,SELF,isin_mapping_final.csv:ca_date
INE139A01026,INE139A01034,2011-03-14,2999-12-31,1,HIGH,isin_mapping_final.csv:ca_date
INE140A08SY3,INE140A08SY3,1900-01-01,2021-07-08,0,SELF,isin_mapping_final.csv:ca_date
INE140A08SY3,INE140A01024,2021-07-08,2999-12-31,1,HIGH,isin_mapping_final.csv:ca_date
INE144J01019,INE144J01019,1900-01-01,2013-01-25,0,SELF,isin_mapping_final.csv:ca_date
INE144J01019,INE144J01027,2013-01-25,2999-12-31,1,HIGH,isin_mapping_final.csv:ca_date
INE148I20012,INE148I20012,1900-01-01,2024-02-08,0,SELF,isin_mapping_final.csv:ca_date
INE148I20012,INE148I01020,2024-02-08,2999-12-31,1,HIGH,isin_mapping_final.csv:ca_date
INE149A01025,INE149A01025,1900-01-01,2017-09-20,0,SELF,isin_mapping_final.csv:ca_date
INE149A01025,IN8149A01024,2017-09-20,2999-12-31,1,HIGH,isin_mapping_final.csv:ca_date
INE150B01013,INE150B01013,1900-01-01,2014-06-18,0,SELF,isin_mapping_final.csv:ca_date
INE150B01013,INE150B01039,2014-06-18,2999-12-31,1,HIGH,isin_mapping_final.csv:ca_date
INE150G01012,INE150G01012,1900-01-01,2016-04-06,0,SELF,isin_mapping_final.csv:ca_date
INE150G01012,INE150G01020,2016-04-06,2999-12-31,1,HIGH,isin_mapping_final.csv:ca_date
INE153T01019,INE153T01019,1900-01-01,2017-04-25,0,SELF,isin_mapping_final.csv:ca_date
INE153T01019,INE153T01027,2017-04-25,2999-12-31,1,HIGH,isin_mapping_final.csv:ca_date
INE155A01014,INE155A01014,1900-01-01,2011-09-10,0,SELF,isin_mapping_final.csv:ca_date
INE155A01014,IN9155A01020,2011-09-10,2016-07-18,1,HIGH,isin_mapping_final.csv:ca_date
INE155A01014,INE155A01022,2016-07-18,2999-12-31,2,HIGH,isin_mapping_final.csv:ca_date
INE160A01014,INE160A01014,1900-01-01,2014-12-17,0,SELF,isin_mapping_final.csv:ca_date
INE160A01014,INE160A01022,2014-12-17,2999-12-31,1,HIGH,isin_mapping_final.csv:ca_date
INE165B01011,INE165B01011,1900-01-01,2015-01-20,0,SELF,isin_mapping_final.csv:ca_date
INE165B01011,INE165B01029,2015-01-20,2999-12-31,1,HIGH,isin_mapping_final.csv:ca_date
INE167E01029,INE167E01029,1900-01-01,2017-08-02,0,SELF,isin_mapping_final.csv:ca_date
INE167E01029,INE167E01037,2017-08-02,2999-12-31,1,LOW,isin_mapping_final.csv:ca_date
INE168A01017,INE168A01017,1900-01-01,2014-09-03,0,SELF,isin_mapping_final.csv:ca_date
INE168A01017,INE168A01041,2014-09-03,2999-12-31,1,HIGH,isin_mapping_final.csv:ca_date
INE170E01015,INE170E01015,1900-01-01,2018-10-24,0,SELF,isin_mapping_final.csv:ca_date
INE170E01015,INE170E01023,2018-10-24,2999-12-31,1,MEDIUM,isin_mapping_final.csv:ca_date
INE170V01019,INE170V01019,1900-01-01,2022-06-28,0,SELF,isin_mapping_final.csv:ca_date
INE170V01019,INE170V01027,2022-06-28,2999-12-31,1,HIGH,isin_mapping_final.csv:ca_date
INE171A01011,INE171A01011,1900-01-01,2013-10-15,0,SELF,isin_mapping_final.csv:ca_date
INE171A01011,INE171A01029,2013-10-15,2999-12-31,1,HIGH,isin_mapping_final.csv:ca_date
INE171Z01018,INE171Z01018,1900-01-01,2024-05-23,0,SELF,isin_mapping_final.csv:ca_date
INE171Z01018,INE171Z01026,2024-05-23,2999-12-31,1,HIGH,isin_mapping_final.csv:ca_date
INE172A01019,INE172A01019,1900-01-01,2014-02-28,0,SELF,isin_mapping_final.csv:ca_date
INE172A01019,INE172A01027,2014-02-28,2999-12-31,1,HIGH,isin_mapping_final.csv:ca_date
INE176A01010,INE176A01010,1900-01-01,2015-10-06,0,SELF,isin_mapping_final.csv:ca_date
INE176A01010,INE176A01028,2015-10-06,2999-12-31,1,HIGH,isin_mapping_final.csv:ca_date
INE176B01026,INE176B01026,1900-01-01,2014-08-25,0,SELF,isin_mapping_final.csv:ca_date
INE176B01026,INE176B01034,2014-08-25,2999-12-31,1,HIGH,isin_mapping_final.csv:ca_date
INE177H01013,INE177H01013,1900-01-01,2021-10-25,0,SELF,isin_mapping_final.csv:ca_date
INE177H01013,INE177H01021,2021-10-25,2024-10-03,1,HIGH,isin_mapping_final.csv:ca_date
INE177H01013,INE177H01039,2024-10-03,2999-12-31,2,HIGH,isin_mapping_final.csv:ca_date
INE177H01021,INE177H01021,1900-01-01,2024-10-03,0,SELF,isin_mapping_final.csv:ca_date
INE177H01021,INE177H01039,2024-10-03,2999-12-31,1,HIGH,isin_mapping_final.csv:ca_date
INE178T20016,INE178T20016,1900-01-01,2022-04-01,0,SELF,isin_mapping_final.csv:ca_date
INE178T20016,INE178T01024,2022-04-01,2999-12-31,1,HIGH,isin_mapping_final.csv:ca_date
INE179G01011,INE179G01011,1900-01-01,2024-06-01,0,SELF,isin_mapping_final.csv:ca_date
INE179G01011,INE179G01029,2024-06-01,2999-12-31,1,HIGH,isin_mapping_final.csv:ca_date
INE180C01018,INE180C01018,1900-01-01,2016-11-22,0,SELF,isin_mapping_final.csv:ca_date
INE180C01018,INE180C01026,2016-11-22,2024-03-04,1,HIGH,isin_mapping_final.csv:ca_date
INE180C01018,INE180C01042,2024-03-04,2999-12-31,2,HIGH,isin_mapping_final.csv:ca_date
INE180C01026,INE180C01026,1900-01-01,2024-03-04,0,SELF,isin_mapping_final.csv:ca_date
INE180C01026,INE180C01042,2024-03-04,2999-12-31,1,HIGH,isin_mapping_final.csv:ca_date
INE183A01016,INE183A01016,1900-01-01,2021-04-13,0,SELF,isin_mapping_final.csv:ca_date
INE183A01016,INE183A01024,2021-04-13,2999-12-31,1,HIGH,isin_mapping_final.csv:ca_date
INE184S01016,INE184S01016,1900-01-01,2022-12-15,0,SELF,isin_mapping_final.csv:ca_date
INE184S01016,INE184S01024,2022-12-15,2999-12-31,1,HIGH,isin_mapping_final.csv:ca_date
INE185E01013,INE185E01013,1900-01-01,2024-08-08,0,SELF,isin_mapping_final.csv:ca_date
INE185E01013,INE185E01021,2024-08-08,2999-12-31,1,HIGH,isin_mapping_final.csv:ca_date
INE187D01011,INE187D01011,1900-01-01,2023-10-19,0,SELF,isin_mapping_final.csv:ca_date
INE187D01011,INE187D01029,2023-10-19,2999-12-31,1,LOW,isin_mapping_final.csv:ca_date
INE188Y01015,INE188Y01015,1900-01-01,2024-07-05,0,SELF,isin_mapping_final.csv:ca_date
INE188Y01015,INE188Y01023,2024-07-05,2999-12-31,1,HIGH,isin_mapping_final.csv:ca_date
INE188Y13010,INE188Y13010,1900-01-01,2024-01-15,0,SELF,isin_mapping_final.csv:ca_date
INE188Y13010,INE188Y01023,2024-01-15,2999-12-31,1,MEDIUM,isin_mapping_final.csv:ca_date
INE189I01016,INE189I01016,1900-01-01,2011-09-08,0,SELF,isin_mapping_final.csv:ca_date
INE189I01016,INE189I01024,2011-09-08,2999-12-31,1,HIGH,isin_mapping_final.csv:ca_date
INE190H01016,INE190H01016,1900-01-01,2018-10-31,0,SELF,isin_mapping_final.csv:ca_date
INE190H01016,INE190H01024,2018-10-31,2999-12-31,1,LOW,isin_mapping_final.csv:ca_date
INE190H20016,INE190H20016,1900-01-01,2024-04-26,0,SELF,isin_mapping_final.csv:ca_date
INE190H20016,INE190H01024,2024-04-26,2999-12-31,1,HIGH,isin_mapping_final.csv:ca_date
INE192A20017,INE192A20017,1900-01-01,2024-08-12,0,SELF,isin_mapping_final.csv:ca_date
INE192A20017,INE192A01025,2024-08-12,2999-12-31,1,HIGH,isin_mapping_final.csv:ca_date
INE192B01023,INE192B01023,1900-01-01,2016-03-19,0,SELF,isin_mapping_final.csv:ca_date
INE192B01023,INE192B01031,2016-03-19,2999-12-31,1,HIGH,isin_mapping_final.csv:ca_date
INE192H01012,INE192H01012,1900-01-01,2021-11-12,0,SELF,isin_mapping_final.csv:ca_date
INE192H01012,INE192H01020,2021-11-12,2999-12-31,1,HIGH,isin_mapping_final.csv:ca_date
INE195J01011,INE195J01011,1900-01-01,2016-08-11,0,SELF,isin_mapping_final.csv:ca_date
INE195J01011,INE195J01029,2016-08-11,2999-12-31,1,HIGH,isin_mapping_final.csv:ca_date
INE197A20016,INE197A20016,1900-01-01,2024-04-22,0,SELF,isin_mapping_final.csv:ca_date
INE197A20016,INE197A01024,2024-04-22,2999-12-31,1,HIGH,isin_mapping_final.csv:ca_date
INE200M01021,INE200M01021,1900-01-01,2024-09-12,0,SELF,isin_mapping_final.csv:ca_date
INE200M01021,INE200M01039,2024-09-12,2999-12-31,1,HIGH,isin_mapping_final.csv:ca_date
INE201M01011,INE201M01011,1900-01-01,2021-09-29,0,SELF,isin_mapping_final.csv:ca_date
INE201M01011,INE201M01029,2021-09-29,2999-12-31,1,HIGH,isin_mapping_final.csv:ca_date
INE202R01018,INE202R01018,1900-01-01,2022-02-23,0,SELF,isin_mapping_final.csv:ca_date
INE202R01018,INE202R01026,2022-02-23,2999-12-31,1,HIGH,isin_mapping_final.csv:ca_date
INE203G01019,INE203G01019,1900-01-01,2017-11-08,0,SELF,isin_mapping_final.csv:ca_date
INE203G01019,INE203G01027,2017-11-08,2999-12-31,1,HIGH,isin_mapping_final.csv:ca_date
INE205B01023,INE205B01023,1900-01-01,2024-07-18,0,SELF,isin_mapping_final.csv:ca_date
INE205B01023,INE205B01031,2024-07-18,2999-12-31,1,HIGH,isin_mapping_final.csv:ca_date
INE205C01013,INE205C01013,1900-01-01,2015-01-31,0,SELF,isin_mapping_final.csv:ca_date
INE205C01013,INE205C01021,2015-01-31,2999-12-31,1,HIGH,isin_mapping_final.csv:ca_date
INE206F01014,INE206F01014,1900-01-01,2021-02-24,0,SELF,isin_mapping_final.csv:ca_date
INE206F01014,INE206F01022,2021-02-24,2999-12-31,1,MEDIUM,isin_mapping_final.csv:ca_date
INE208C01017,INE208C01017,1900-01-01,2015-09-15,0,SELF,isin_mapping_final.csv:ca_date
INE208C01017,INE208C01025,2015-09-15,2999-12-31,1,HIGH,isin_mapping_final.csv:ca_date
INE213A01011,INE213A01011,1900-01-01,2011-02-07,0,SELF,isin_mapping_final.csv:ca_date
INE213A01011,INE213A01029,2011-02-07,2999-12-31,1,HIGH,isin_mapping_final.csv:ca_date
INE213M01016,INE213M01016,1900-01-01,2013-03-01,0,SELF,isin_mapping_final.csv:ca_date
INE213M01016,INE213M01024,2013-03-01,2999-12-31,1,HIGH,isin_mapping_final.csv:ca_date
INE215I01019,INE215I01019,1900-01-01,2023-07-28,0,SELF,isin_mapping_final.csv:ca_date
INE215I01019,INE215I01027,2023-07-28,2999-12-31,1,HIGH,isin_mapping_final.csv:ca_date
INE216A01022,INE216A01022,1900-01-01,2018-12-03,0,SELF,isin_mapping_final.csv:ca_date
INE216A01022,INE216A01030,2018-12-03,2999-12-31,1,HIGH,isin_mapping_final.csv:ca_date
INE216D01018,INE216D01018,1900-01-01,2015-04-01,0,SELF,isin_mapping_final.csv:ca_date
INE216D01018,INE216D01026,2015-04-01,2999-12-31,1,HIGH,isin_mapping_final.csv:ca_date
INE217B01028,INE217B01028,1900-01-01,2016-10-03,0,SELF,isin_mapping_final.csv:ca_date
INE217B01028,INE217B01036,2016-10-03,2999-12-31,1,HIGH,isin_mapping_final.csv:ca_date
INE217G01019,INE217G01019,1900-01-01,2012-10-10,0,SELF,isin_mapping_final.csv:ca_date
INE217G01019,IN8217G01018,2012-10-10,2999-12-31,1,HIGH,isin_mapping_final.csv:ca_date
INE220J01017,INE220J01017,1900-01-01,2013-06-20,0,SELF,isin_mapping_final.csv:ca_date
INE220J01017,IN8220J01024,2013-06-20,2999-12-31,1,HIGH,isin_mapping_final.csv:ca_date
INE224E01010,INE224E01010,1900-01-01,2016-11-01,0,SELF,isin_mapping_final.csv:ca_date
INE224E01010,INE224E01028,2016-11-01,2999-12-31,1,HIGH,isin_mapping_final.csv:ca_date
INE225B01013,INE225B01013,1900-01-01,2018-08-10,0,SELF,isin_mapping_final.csv:ca_date
INE225B01013,INE225B01021,2018-08-10,2999-12-31,1,HIGH,isin_mapping_final.csv:ca_date
INE225D01019,INE225D01019,1900-01-01,2011-10-31,0,SELF,isin_mapping_final.csv:ca_date
INE225D01019,INE225D01027,2011-10-31,2999-12-31,1,MEDIUM,isin_mapping_final.csv:ca_date
INE225I01018,INE225I01018,1900-01-01,2012-06-28,0,SELF,isin_mapping_final.csv:ca_date
INE225I01018,INE225I01026,2012-06-28,2999-12-31,1,HIGH,isin_mapping_final.csv:ca_date
INE229C01013,INE229C01013,1900-01-01,2021-08-16,0,SELF,isin_mapping_final.csv:ca_date
INE229C01013,INE229C01021,2021-08-16,2999-12-31,1,HIGH,isin_mapping_final.csv:ca_date
INE230G01012,INE230G01012,1900-01-01,2017-01-03,0,SELF,isin_mapping_final.csv:ca_date
INE230G01012,INE230G01020,2017-01-03,2999-12-31,1,HIGH,isin_mapping_final.csv:ca_date
INE230R01027,INE230R01027,1900-01-01,2022-08-24,0,SELF,isin_mapping_final.csv:ca_date
INE230R01027,INE230R01035,2022-08-24,2999-12-31,1,HIGH,isin_mapping_final.csv:ca_date
INE236B01010,INE236B01010,1900-01-01,2011-02-25,0,SELF,isin_mapping_final.csv:ca_date
INE236B01010,INE236B01028,2011-02-25,2011-08-09,1,HIGH,isin_mapping_final.csv:ca_date
INE236B01010,INE236B01036,2011-08-09,2999-12-31,2,HIGH,isin_mapping_final.csv:ca_date
INE236B01028,INE236B01028,1900-01-01,2011-08-09,0,SELF,isin_mapping_final.csv:ca_date
INE236B01028,INE236B01036,2011-08-09,2999-12-31,1,HIGH,isin_mapping_final.csv:ca_date
INE238A01026,INE238A01026,1900-01-01,2014-07-26,0,SELF,isin_mapping_final.csv:ca_date
INE238A01026,INE238A01034,2014-07-26,2999-12-31,1,HIGH,isin_mapping_final.csv:ca_date
INE239A01016,INE239A01016,1900-01-01,2024-01-04,0,SELF,isin_mapping_final.csv:ca_date
INE239A01016,INE239A01024,2024-01-04,2999-12-31,1,HIGH,isin_mapping_final.csv:ca_date
INE239C01012,INE239C01012,1900-01-01,2021-04-15,0,SELF,isin_mapping_final.csv:ca_date
INE239C01012,INE239C01020,2021-04-15,2999-12-31,1,HIGH,isin_mapping_final.csv:ca_date
INE245A01013,INE245A01013,1900-01-01,2011-09-24,0,SELF,isin_mapping_final.csv:ca_date
INE245A01013,INE245A01021,2011-09-24,2999-12-31,1,HIGH,isin_mapping_final.csv:ca_date
INE247D01013,INE247D01013,1900-01-01,2017-12-23,0,SELF,isin_mapping_final.csv:ca_date
INE247D01013,INE247D01021,2017-12-23,2018-11-02,1,HIGH,isin_mapping_final.csv:ca_date
INE247D01013,INE247D01039,2018-11-02,2999-12-31,2,HIGH,isin_mapping_final.csv:ca_date
INE247D01021,INE247D01021,1900-01-01,2018-11-02,0,SELF,isin_mapping_final.csv:ca_date
INE247D01021,INE247D01039,2018-11-02,2999-12-31,1,HIGH,isin_mapping_final.csv:ca_date
INE247M13019,INE247M13019,1900-01-01,2023-06-10,0,SELF,isin_mapping_final.csv:ca_date
INE247M13019,INE247M01014,2023-06-10,2999-12-31,1,HIGH,isin_mapping_final.csv:ca_date
INE249Z01012,INE249Z01012,1900-01-01,2024-12-26,0,SELF,isin_mapping_final.csv:ca_date
INE249Z01012,INE249Z01020,2024-12-26,2999-12-31,1,HIGH,isin_mapping_final.csv:ca_date
INE250S20015,INE250S20015,1900-01-01,2024-09-17,0,SELF,isin_mapping_final.csv:ca_date
INE250S20015,INE250S01015,2024-09-17,2999-12-31,1,HIGH,isin_mapping_final.csv:ca_date
INE254H01036,INE254H01036,1900-01-01,2017-03-27,0,SELF,isin_mapping_final.csv:ca_date
INE254H01036,INE254H01044,2017-03-27,2999-12-31,1,HIGH,isin_mapping_final.csv:ca_date
INE254N01018,INE254N01018,1900-01-01,2022-07-20,0,SELF,isin_mapping_final.csv:ca_date
INE254N01018,INE254N01026,2022-07-20,2999-12-31,1,HIGH,isin_mapping_final.csv:ca_date
INE255E01022,INE255E01022,1900-01-01,2014-11-03,0,SELF,isin_mapping_final.csv:ca_date
INE255E01022,INE255E01030,2014-11-03,2999-12-31,1,LOW,isin_mapping_final.csv:ca_date
INE256A04022,INE256A04022,1900-01-01,2020-03-05,0,SELF,isin_mapping_final.csv:ca_date
INE256A04022,INE256A01028,2020-03-05,2999-12-31,1,HIGH,isin_mapping_final.csv:ca_date
INE256Z01017,INE256Z01017,1900-01-01,2023-03-29,0,SELF,isin_mapping_final.csv:ca_date
INE256Z01017,INE256Z01025,2023-03-29,2999-12-31,1,MEDIUM,isin_mapping_final.csv:ca_date
INE257A01018,INE257A01018,1900-01-01,2011-10-01,0,SELF,isin_mapping_final.csv:ca_date
INE257A01018,INE257A01026,2011-10-01,2999-12-31,1,HIGH,isin_mapping_final.csv:ca_date
INE260B01010,INE260B01010,1900-01-01,2014-11-27,0,SELF,isin_mapping_final.csv:ca_date
INE260B01010,INE260B01028,2014-11-27,2999-12-31,1,HIGH,isin_mapping_final.csv:ca_date
INE262H01013,INE262H01013,1900-01-01,2024-03-27,0,SELF,isin_mapping_final.csv:ca_date
INE262H01013,INE262H01021,2024-03-27,2999-12-31,1,HIGH,isin_mapping_final.csv:ca_date
INE263A01016,INE263A01016,1900-01-01,2017-03-15,0,SELF,isin_mapping_final.csv:ca_date
INE263A01016,INE263A01024,2017-03-15,2999-12-31,1,HIGH,isin_mapping_final.csv:ca_date
INE267A01017,INE267A01017,1900-01-01,2011-03-04,0,SELF,isin_mapping_final.csv:ca_date
INE267A01017,INE267A01025,2011-03-04,2999-12-31,1,HIGH,isin_mapping_final.csv:ca_date
INE268L01012,INE268L01012,1900-01-01,2011-01-12,0,SELF,isin_mapping_final.csv:ca_date
INE268L01012,INE268L01020,2011-01-12,2999-12-31,1,MEDIUM,isin_mapping_final.csv:ca_date
INE270B01027,INE270B01027,1900-01-01,2011-12-22,0,SELF,isin_mapping_final.csv:ca_date
INE270B01027,INE270B01035,2011-12-22,2999-12-31,1,MEDIUM,isin_mapping_final.csv:ca_date
INE270I01014,INE270I01014,1900-01-01,2023-01-16,0,SELF,isin_mapping_final.csv:ca_date
INE270I01014,INE270I01022,2023-01-16,2999-12-31,1,HIGH,isin_mapping_final.csv:ca_date
INE272L01014,INE272L01014,1900-01-01,2014-11-27,0,SELF,isin_mapping_final.csv:ca_date
INE272L01014,INE272L01022,2014-11-27,2999-12-31,1,HIGH,isin_mapping_final.csv:ca_date
INE274F01012,INE274F01012,1900-01-01,2013-06-14,0,SELF,isin_mapping_final.csv:ca_date
INE274F01012,INE274F01020,2013-06-14,2999-12-31,1,HIGH,isin_mapping_final.csv:ca_date
INE274M01018,INE274M01018,1900-01-01,2023-05-04,0,SELF,isin_mapping_final.csv:ca_date
INE274M01018,INE274M01026,2023-05-04,2999-12-31,1,HIGH,isin_mapping_final.csv:ca_date
INE275D01014,INE275D01014,1900-01-01,2015-02-26,0,SELF,isin_mapping_final.csv:ca_date
INE275D01014,INE275D01022,2015-02-26,2999-12-31,1,HIGH,isin_mapping_final.csv:ca_date
INE277T01016,INE277T01016,1900-01-01,2022-01-03,0,SELF,isin_mapping_final.csv:ca_date
INE277T01016,INE277T01024,2022-01-03,2999-12-31,1,HIGH,isin_mapping_final.csv:ca_date
INE278R01018,INE278R01018,1900-01-01,2020-07-04,0,SELF,isin_mapping_final.csv:ca_date
INE278R01018,INE278R01026,2020-07-04,2021-08-16,1,HIGH,isin_mapping_final.csv:ca_date
INE278R01018,INE278R01034,2021-08-16,2999-12-31,2,HIGH,isin_mapping_final.csv:ca_date
INE278R01026,INE278R01026,1900-01-01,2021-08-16,0,SELF,isin_mapping_final.csv:ca_date
INE278R01026,INE278R01034,2021-08-16,2999-12-31,1,HIGH,isin_mapping_final.csv:ca_date
INE280A01010,INE280A01010,1900-01-01,2011-06-22,0,SELF,isin_mapping_final.csv:ca_date
INE280A01010,INE280A01028,2011-06-22,2999-12-31,1,HIGH,isin_mapping_final.csv:ca_date
INE281B01024,INE281B01024,1900-01-01,2012-01-04,0,SELF,isin_mapping_final.csv:ca_date
INE281B01024,INE281B01032,2012-01-04,2999-12-31,1,HIGH,isin_mapping_final.csv:ca_date
INE282A01016,INE282A01016,1900-01-01,2011-05-27,0,SELF,isin_mapping_final.csv:ca_date
INE282A01016,INE282A01024,2011-05-27,2999-12-31,1,HIGH,isin_mapping_final.csv:ca_date
INE285J01010,INE285J01010,1900-01-01,2020-01-14,0,SELF,isin_mapping_final.csv:ca_date
INE285J01010,INE285J01028,2020-01-14,2999-12-31,1,HIGH,isin_mapping_final.csv:ca_date
INE287C01029,INE287C01029,1900-01-01,2012-09-11,0,SELF,isin_mapping_final.csv:ca_date
INE287C01029,INE287C01037,2012-09-11,2999-12-31,1,LOW,isin_mapping_final.csv:ca_date
INE288B01011,INE288B01011,1900-01-01,2014-06-19,0,SELF,isin_mapping_final.csv:ca_date
INE288B01011,INE288B07018,2014-06-19,2999-12-31,1,HIGH,isin_mapping_final.csv:ca_date
INE291D20011,INE291D20011,1900-01-01,2021-04-30,0,SELF,isin_mapping_final.csv:ca_date
INE291D20011,INE291D01011,2021-04-30,2999-12-31,1,HIGH,isin_mapping_final.csv:ca_date
INE291W01011,INE291W01011,1900-01-01,2022-10-20,0,SELF,isin_mapping_final.csv:ca_date
INE291W01011,INE291W01029,2022-10-20,2024-12-11,1,HIGH,isin_mapping_final.csv:ca_date
INE291W01011,INE291W01037,2024-12-11,2999-12-31,2,HIGH,isin_mapping_final.csv:ca_date
INE291W01029,INE291W01029,1900-01-01,2024-12-11,0,SELF,isin_mapping_final.csv:ca_date
INE291W01029,INE291W01037,2024-12-11,2999-12-31,1,HIGH,isin_mapping_final.csv:ca_date
INE294G01018,INE294G01018,1900-01-01,2011-06-10,0,SELF,isin_mapping_final.csv:ca_date
INE294G01018,INE294G01026,2011-06-10,2999-12-31,1,MEDIUM,isin_mapping_final.csv:ca_date
INE296A01016,INE296A01016,1900-01-01,2016-09-07,0,SELF,isin_mapping_final.csv:ca_date
INE296A01016,INE296A01024,2016-09-07,2999-12-31,1,HIGH,isin_mapping_final.csv:ca_date
INE299D01014,INE299D01014,1900-01-01,2022-09-05,0,SELF,isin_mapping_final.csv:ca_date
INE299D01014,INE299D01022,2022-09-05,2999-12-31,1,HIGH,isin_mapping_final.csv:ca_date
INE301D01018,INE301D01018,1900-01-01,2012-11-27,0,SELF,isin_mapping_final.csv:ca_date
INE301D01018,INE301D01026,2012-11-27,2999-12-31,1,HIGH,isin_mapping_final.csv:ca_date
INE305H01010,INE305H01010,1900-01-01,2016-12-05,0,SELF,isin_mapping_final.csv:ca_date
INE305H01010,INE305H01028,2016-12-05,2999-12-31,1,HIGH,isin_mapping_final.csv:ca_date
INE308E01011,INE308E01011,1900-01-01,2018-02-27,0,SELF,isin_mapping_final.csv:ca_date
INE308E01011,INE308E01029,2018-02-27,2999-12-31,1,LOW,isin_mapping_final.csv:ca_date
INE309M01012,INE309M01012,1900-01-01,2024-11-06,0,SELF,isin_mapping_final.csv:ca_date
INE309M01012,INE309M01020,2024-11-06,2999-12-31,1,HIGH,isin_mapping_final.csv:ca_date
INE310C01011,INE310C01011,1900-01-01,2017-05-24,0,SELF,isin_mapping_final.csv:ca_date
INE310C01011,INE310C01029,2017-05-24,2999-12-31,1,HIGH,isin_mapping_final.csv:ca_date
INE313M01014,INE313M01014,1900-01-01,2021-07-28,0,SELF,isin_mapping_final.csv:ca_date
INE313M01014,INE313M01022,2021-07-28,2999-12-31,1,HIGH,isin_mapping_final.csv:ca_date
INE317F01027,INE317F01027,1900-01-01,2017-09-14,0,SELF,isin_mapping_final.csv:ca_date
INE317F01027,INE317F01035,2017-09-14,2999-12-31,1,HIGH,isin_mapping_final.csv:ca_date
INE319T20016,INE319T20016,1900-01-01,2024-04-05,0,SELF,isin_mapping_final.csv:ca_date
INE319T20016,INE319T01016,2024-04-05,2999-12-31,1,HIGH,isin_mapping_final.csv:ca_date
INE319T20024,INE319T20024,1900-01-01,2024-11-29,0,SELF,isin_mapping_final.csv:ca_date
INE319T20024,INE319T01016,2024-11-29,2999-12-31,1,HIGH,isin_mapping_final.csv:ca_date
INE319Z01013,INE319Z01013,1900-01-01,2021-03-15,0,SELF,isin_mapping_final.csv:ca_date
INE319Z01013,INE319Z01021,2021-03-15,2999-12-31,1,HIGH,isin_mapping_final.csv:ca_date
INE323B01016,INE323B01016,1900-01-01,2024-06-29,0,SELF,isin_mapping_final.csv:ca_date
INE323B01016,INE323B01024,2024-06-29,2999-12-31,1,HIGH,isin_mapping_final.csv:ca_date
INE324A01024,INE324A01024,1900-01-01,2024-10-09,0,SELF,isin_mapping_final.csv:ca_date
INE324A01024,INE324A01032,2024-10-09,2999-12-31,1,HIGH,isin_mapping_final.csv:ca_date
INE324L20013,INE324L20013,1900-01-01,2021-09-28,0,SELF,isin_mapping_final.csv:ca_date
INE324L20013,INE324L01013,2021-09-28,2999-12-31,1,HIGH,isin_mapping_final.csv:ca_date
INE324X01018,INE324X01018,1900-01-01,2023-09-13,0,SELF,isin_mapping_final.csv:ca_date
INE324X01018,INE324X01026,2023-09-13,2999-12-31,1,LOW,isin_mapping_final.csv:ca_date
INE325C01027,INE325C01027,1900-01-01,2017-08-30,0,SELF,isin_mapping_final.csv:ca_date
INE325C01027,INE325C01035,2017-08-30,2999-12-31,1,HIGH,isin_mapping_final.csv:ca_date
INE325D01017,INE325D01017,1900-01-01,2022-02-05,0,SELF,isin_mapping_final.csv:ca_date
INE325D01017,INE325D01025,2022-02-05,2999-12-31,1,HIGH,isin_mapping_final.csv:ca_date
INE326B01027,INE326B01027,1900-01-01,2024-07-24,0,SELF,isin_mapping_final.csv:ca_date
INE326B01027,INE326B01035,2024-07-24,2999-12-31,1,HIGH,isin_mapping_final.csv:ca_date
INE333I01010,INE333I01010,1900-01-01,2011-01-10,0,SELF,isin_mapping_final.csv:ca_date
INE333I01010,INE333I01028,2011-01-10,2013-08-12,1,HIGH,isin_mapping_final.csv:ca_date
INE333I01010,INE333I01036,2013-08-12,2999-12-31,2,HIGH,isin_mapping_final.csv:ca_date
INE333I01028,INE333I01028,1900-01-01,2013-08-12,0,SELF,isin_mapping_final.csv:ca_date
INE333I01028,INE333I01036,2013-08-12,2999-12-31,1,HIGH,isin_mapping_final.csv:ca_date
INE334A01015,INE334A01015,1900-01-01,2017-07-01,0,SELF,isin_mapping_final.csv:ca_date
INE334A01015,INE334A01023,2017-07-01,2999-12-31,1,HIGH,isin_mapping_final.csv:ca_date
INE335A01012,INE335A01012,1900-01-01,2023-10-05,0,SELF,isin_mapping_final.csv:ca_date
INE335A01012,INE335A01020,2023-10-05,2999-12-31,1,HIGH,isin_mapping_final.csv:ca_date
INE335Y01012,INE335Y01012,1900-01-01,2021-10-27,0,SELF,isin_mapping_final.csv:ca_date
INE335Y01012,INE335Y01020,2021-10-27,2999-12-31,1,HIGH,isin_mapping_final.csv:ca_date
INE336H01015,INE336H01015,1900-01-01,2017-02-14,0,SELF,isin_mapping_final.csv:ca_date
INE336H01015,INE336H01023,2017-02-14,2999-12-31,1,HIGH,isin_mapping_final.csv:ca_date
INE338A01016,INE338A01016,1900-01-01,2018-08-13,0,SELF,isin_mapping_final.csv:ca_date
INE338A01016,INE338A01024,2018-08-13,2999-12-31,1,HIGH,isin_mapping_final.csv:ca_date
INE343H01011,INE343H01011,1900-01-01,2016-07-15,0,SELF,isin_mapping_final.csv:ca_date
INE343H01011,INE343H01029,2016-07-15,2999-12-31,1,HIGH,isin_mapping_final.csv:ca_date
INE345H01016,INE345H01016,1900-01-01,2025-02-18,0,SELF,isin_mapping_final.csv:ca_date
INE345H01016,INE345H01024,2025-02-18,2999-12-31,1,HIGH,isin_mapping_final.csv:ca_date
INE353A20015,INE353A20015,1900-01-01,2021-11-24,0,SELF,isin_mapping_final.csv:ca_date
INE353A20015,INE353A01023,2021-11-24,2999-12-31,1,HIGH,isin_mapping_final.csv:ca_date
INE354C01019,INE354C01019,1900-01-01,2016-10-02,0,SELF,isin_mapping_final.csv:ca_date
INE354C01019,INE354C01027,2016-10-02,2999-12-31,1,LOW,isin_mapping_final.csv:ca_date
INE356B01016,INE356B01016,1900-01-01,2024-11-04,0,SELF,isin_mapping_final.csv:ca_date
INE356B01016,INE356B01024,2024-11-04,2999-12-31,1,HIGH,isin_mapping_final.csv:ca_date
INE359U01010,INE359U01010,1900-01-01,2022-12-16,0,SELF,isin_mapping_final.csv:ca_date
INE359U01010,INE359U01028,2022-12-16,2999-12-31,1,HIGH,isin_mapping_final.csv:ca_date
INE360C01016,INE360C01016,1900-01-01,2013-10-01,0,SELF,isin_mapping_final.csv:ca_date
INE360C01016,INE360C01024,2013-10-01,2999-12-31,1,HIGH,isin_mapping_final.csv:ca_date
INE365D01013,INE365D01013,1900-01-01,2013-10-26,0,SELF,isin_mapping_final.csv:ca_date
INE365D01013,INE365D01021,2013-10-26,2999-12-31,1,HIGH,isin_mapping_final.csv:ca_date
INE365O01010,INE365O01010,1900-01-01,2024-10-16,0,SELF,isin_mapping_final.csv:ca_date
INE365O01010,INE365O01028,2024-10-16,2999-12-31,1,HIGH,isin_mapping_final.csv:ca_date
INE365S01037,INE365S01037,1900-01-01,2024-08-08,0,SELF,isin_mapping_final.csv:ca_date
INE365S01037,INE365S01045,2024-08-08,2999-12-31,1,HIGH,isin_mapping_final.csv:ca_date
INE366A01033,INE366A01033,1900-01-01,2017-08-09,0,SELF,isin_mapping_final.csv:ca_date
INE366A01033,INE366A01041,2017-08-09,2999-12-31,1,HIGH,isin_mapping_final.csv:ca_date
INE372C01011,INE372C01011,1900-01-01,2014-12-01,0,SELF,isin_mapping_final.csv:ca_date
INE372C01011,INE372C01037,2014-12-01,2999-12-31,1,MEDIUM,isin_mapping_final.csv:ca_date
INE372C01029,INE372C01029,1900-01-01,2021-12-24,0,SELF,isin_mapping_final.csv:ca_date
INE372C01029,INE372C01037,2021-12-24,2999-12-31,1,HIGH,isin_mapping_final.csv:ca_date
INE373T01039,INE373T01039,1900-01-01,2025-01-21,0,SELF,isin_mapping_final.csv:ca_date
INE373T01039,INE373T01047,2025-01-21,2999-12-31,1,HIGH,isin_mapping_final.csv:ca_date
INE382T01022,INE382T01022,1900-01-01,2023-01-24,0,SELF,isin_mapping_final.csv:ca_date
INE382T01022,INE382T01030,2023-01-24,2999-12-31,1,HIGH,isin_mapping_final.csv:ca_date
INE385C01013,INE385C01013,1900-01-01,2023-08-03,0,SELF,isin_mapping_final.csv:ca_date
INE385C01013,INE385C01021,2023-08-03,2999-12-31,1,HIGH,isin_mapping_final.csv:ca_date
INE386L01020,INE386L01020,1900-01-01,2011-12-03,0,SELF,isin_mapping_final.csv:ca_date
INE386L01020,INE386L01038,2011-12-03,2999-12-31,1,HIGH,isin_mapping_final.csv:ca_date
INE388G01018,INE388G01018,1900-01-01,2023-01-20,0,SELF,isin_mapping_final.csv:ca_date
INE388G01018,INE388G01026,2023-01-20,2999-12-31,1,MEDIUM,isin_mapping_final.csv:ca_date
INE390H01012,INE390H01012,1900-01-01,2025-01-07,0,SELF,isin_mapping_final.csv:ca_date
INE390H01012,INE390H01020,2025-01-07,2999-12-31,1,HIGH,isin_mapping_final.csv:ca_date
INE391J01016,INE391J01016,1900-01-01,2019-02-15,0,SELF,isin_mapping_final.csv:ca_date
INE391J01016,INE391J01032,2019-02-15,2999-12-31,1,LOW,isin_mapping_final.csv:ca_date
INE391J01024,INE391J01024,1900-01-01,2024-11-13,0,SELF,isin_mapping_final.csv:ca_date
INE391J01024,INE391J01032,2024-11-13,2999-12-31,1,HIGH,isin_mapping_final.csv:ca_date
INE391J13037,INE391J13037,1900-01-01,2023-05-23,0,SELF,isin_mapping_final.csv:ca_date
INE391J13037,INE391J01032,2023-05-23,2999-12-31,1,HIGH,isin_mapping_final.csv:ca_date
INE392A01013,INE392A01013,1900-01-01,2023-05-13,0,SELF,isin_mapping_final.csv:ca_date
INE392A01013,INE392A01021,2023-05-13,2999-12-31,1,HIGH,isin_mapping_final.csv:ca_date
INE397D20024,INE397D20024,1900-01-01,2021-10-14,0,SELF,isin_mapping_final.csv:ca_date
INE397D20024,INE397D01024,2021-10-14,2999-12-31,1,HIGH,isin_mapping_final.csv:ca_date
INE399G01015,INE399G01015,1900-01-01,2022-03-12,0,SELF,isin_mapping_final.csv:ca_date
INE399G01015,INE399G01023,2022-03-12,2999-12-31,1,HIGH,isin_mapping_final.csv:ca_date
INE402Y01010,INE402Y01010,1900-01-01,2023-02-16,0,SELF,isin_mapping_final.csv:ca_date
INE402Y01010,INE402Y01028,2023-02-16,2999-12-31,1,HIGH,isin_mapping_final.csv:ca_date
INE404B01014,INE404B01014,1900-01-01,2025-03-21,0,SELF,isin_mapping_final.csv:ca_date
INE404B01014,INE404B01022,2025-03-21,2999-12-31,1,HIGH,isin_mapping_final.csv:ca_date
INE405E01015,INE405E01015,1900-01-01,2016-09-10,0,SELF,isin_mapping_final.csv:ca_date
INE405E01015,INE405E01023,2016-09-10,2999-12-31,1,HIGH,isin_mapping_final.csv:ca_date
INE406A01029,INE406A01029,1900-01-01,2011-02-10,0,SELF,isin_mapping_final.csv:ca_date
INE406A01029,INE406A01037,2011-02-10,2999-12-31,1,HIGH,isin_mapping_final.csv:ca_date
INE410B01029,INE410B01029,1900-01-01,2020-02-04,0,SELF,isin_mapping_final.csv:ca_date
INE410B01029,INE410B01037,2020-02-04,2999-12-31,1,HIGH,isin_mapping_final.csv:ca_date
INE411H01024,INE411H01024,1900-01-01,2012-04-18,0,SELF,isin_mapping_final.csv:ca_date
INE411H01024,INE411H01032,2012-04-18,2999-12-31,1,LOW,isin_mapping_final.csv:ca_date
INE411U01019,INE411U01019,1900-01-01,2021-09-30,0,SELF,isin_mapping_final.csv:ca_date
INE411U01019,INE411U01027,2021-09-30,2999-12-31,1,HIGH,isin_mapping_final.csv:ca_date
INE412G01016,INE412G01016,1900-01-01,2023-10-19,0,SELF,isin_mapping_final.csv:ca_date
INE412G01016,INE412G13011,2023-10-19,2999-12-31,1,LOW,isin_mapping_final.csv:ca_date
INE412U01017,INE412U01017,1900-01-01,2021-11-17,0,SELF,isin_mapping_final.csv:ca_date
INE412U01017,INE412U01025,2021-11-17,2999-12-31,1,HIGH,isin_mapping_final.csv:ca_date
INE413G01014,INE413G01014,1900-01-01,2022-10-21,0,SELF,isin_mapping_final.csv:ca_date
INE413G01014,INE413G01022,2022-10-21,2999-12-31,1,HIGH,isin_mapping_final.csv:ca_date
INE413X01019,INE413X01019,1900-01-01,2022-02-02,0,SELF,isin_mapping_final.csv:ca_date
INE413X01019,INE413X01027,2022-02-02,2999-12-31,1,MEDIUM,isin_mapping_final.csv:ca_date
INE414D01019,INE414D01019,1900-01-01,2024-04-30,0,SELF,isin_mapping_final.csv:ca_date
INE414D01019,INE414D01027,2024-04-30,2999-12-31,1,HIGH,isin_mapping_final.csv:ca_date
INE417D01012,INE417D01012,1900-01-01,2024-09-23,0,SELF,isin_mapping_final.csv:ca_date
INE417D01012,INE417D01020,2024-09-23,2999-12-31,1,HIGH,isin_mapping_final.csv:ca_date
INE418N20019,INE418N20019,1900-01-01,2022-06-07,0,SELF,isin_mapping_final.csv:ca_date
INE418N20019,INE418N01035,2022-06-07,2999-12-31,1,HIGH,isin_mapping_final.csv:ca_date
INE419D01018,INE419D01018,1900-01-01,2015-12-30,0,SELF,isin_mapping_final.csv:ca_date
INE419D01018,INE419D01026,2015-12-30,2999-12-31,1,HIGH,isin_mapping_final.csv:ca_date
INE419M01019,INE419M01019,1900-01-01,2022-10-29,0,SELF,isin_mapping_final.csv:ca_date
INE419M01019,INE419M01027,2022-10-29,2999-12-31,1,HIGH,isin_mapping_final.csv:ca_date
INE420B01028,INE420B01028,1900-01-01,2022-04-16,0,SELF,isin_mapping_final.csv:ca_date
INE420B01028,INE420B01036,2022-04-16,2999-12-31,1,HIGH,isin_mapping_final.csv:ca_date
INE420C01034,INE420C01034,1900-01-01,2011-10-07,0,SELF,isin_mapping_final.csv:ca_date
INE420C01034,INE420C01042,2011-10-07,2022-06-29,1,HIGH,isin_mapping_final.csv:ca_date
INE420C01034,INE420C01059,2022-06-29,2999-12-31,2,HIGH,isin_mapping_final.csv:ca_date
INE420C01042,INE420C01042,1900-01-01,2022-06-29,0,SELF,isin_mapping_final.csv:ca_date
INE420C01042,INE420C01059,2022-06-29,2999-12-31,1,HIGH,isin_mapping_final.csv:ca_date
INE421D01014,INE421D01014,1900-01-01,2013-08-16,0,SELF,isin_mapping_final.csv:ca_date
INE421D01014,INE421D01022,2013-08-16,2999-12-31,1,HIGH,isin_mapping_final.csv:ca_date
INE425B01019,INE425B01019,1900-01-01,2012-07-12,0,SELF,isin_mapping_final.csv:ca_date
INE425B01019,INE425B01027,2012-07-12,2999-12-31,1,HIGH,isin_mapping_final.csv:ca_date
INE429E01015,INE429E01015,1900-01-01,2017-09-26,0,SELF,isin_mapping_final.csv:ca_date
INE429E01015,INE429E01023,2017-09-26,2999-12-31,1,HIGH,isin_mapping_final.csv:ca_date
INE430N01014,INE430N01014,1900-01-01,2021-10-22,0,SELF,isin_mapping_final.csv:ca_date
INE430N01014,INE430N01022,2021-10-22,2999-12-31,1,HIGH,isin_mapping_final.csv:ca_date
INE432F01024,INE432F01024,1900-01-01,2024-12-07,0,SELF,isin_mapping_final.csv:ca_date
INE432F01024,INE432F01032,2024-12-07,2999-12-31,1,HIGH,isin_mapping_final.csv:ca_date
INE435A01028,INE435A01028,1900-01-01,2024-09-10,0,SELF,isin_mapping_final.csv:ca_date
INE435A01028,INE435A01051,2024-09-10,2999-12-31,1,HIGH,isin_mapping_final.csv:ca_date
INE439E20014,INE439E20014,1900-01-01,2024-02-02,0,SELF,isin_mapping_final.csv:ca_date
INE439E20014,INE439E01022,2024-02-02,2999-12-31,1,HIGH,isin_mapping_final.csv:ca_date
INE440T01010,INE440T01010,1900-01-01,2022-07-25,0,SELF,isin_mapping_final.csv:ca_date
INE440T01010,INE440T01028,2022-07-25,2999-12-31,1,HIGH,isin_mapping_final.csv:ca_date
INE442H01011,INE442H01011,1900-01-01,2013-07-05,0,SELF,isin_mapping_final.csv:ca_date
INE442H01011,INE442H01029,2013-07-05,2999-12-31,1,HIGH,isin_mapping_final.csv:ca_date
INE450D01013,INE450D01013,1900-01-01,2015-04-18,0,SELF,isin_mapping_final.csv:ca_date
INE450D01013,INE450D01021,2015-04-18,2999-12-31,1,HIGH,isin_mapping_final.csv:ca_date
INE450E01011,INE450E01011,1900-01-01,2024-10-28,0,SELF,isin_mapping_final.csv:ca_date
INE450E01011,INE450E01029,2024-10-28,2999-12-31,1,HIGH,isin_mapping_final.csv:ca_date
INE451D01011,INE451D01011,1900-01-01,2022-03-17,0,SELF,isin_mapping_final.csv:ca_date
INE451D01011,INE451D01029,2022-03-17,2999-12-31,1,HIGH,isin_mapping_final.csv:ca_date
INE453D01017,INE453D01017,1900-01-01,2015-10-28,0,SELF,isin_mapping_final.csv:ca_date
INE453D01017,INE453D01025,2015-10-28,2999-12-31,1,HIGH,isin_mapping_final.csv:ca_date
INE455I01011,INE455I01011,1900-01-01,2014-01-25,0,SELF,isin_mapping_final.csv:ca_date
INE455I01011,INE455I01029,2014-01-25,2999-12-31,1,HIGH,isin_mapping_final.csv:ca_date
INE456C01012,INE456C01012,1900-01-01,2018-10-31,0,SELF,isin_mapping_final.csv:ca_date
INE456C01012,INE456C01020,2018-10-31,2999-12-31,1,HIGH,isin_mapping_final.csv:ca_date
INE457L01011,INE457L01011,1900-01-01,2024-07-10,0,SELF,isin_mapping_final.csv:ca_date
INE457L01011,INE457L01029,2024-07-10,2999-12-31,1,HIGH,isin_mapping_final.csv:ca_date
INE461C01020,INE461C01020,1900-01-01,2016-05-01,0,SELF,isin_mapping_final.csv:ca_date
INE461C01020,INE461C01038,2016-05-01,2999-12-31,1,HIGH,isin_mapping_final.csv:ca_date
INE461D01010,INE461D01010,1900-01-01,2022-10-17,0,SELF,isin_mapping_final.csv:ca_date
INE461D01010,INE461D01028,2022-10-17,2999-12-31,1,HIGH,isin_mapping_final.csv:ca_date
INE463A01020,INE463A01020,1900-01-01,2015-01-07,0,SELF,isin_mapping_final.csv:ca_date
INE463A01020,INE463A01038,2015-01-07,2999-12-31,1,HIGH,isin_mapping_final.csv:ca_date
INE464A01028,INE464A01028,1900-01-01,2024-04-23,0,SELF,isin_mapping_final.csv:ca_date
INE464A01028,INE464A01036,2024-04-23,2999-12-31,1,HIGH,isin_mapping_final.csv:ca_date
INE465A13020,INE465A13020,1900-01-01,2011-05-23,0,SELF,isin_mapping_final.csv:ca_date
INE465A13020,INE465A01025,2011-05-23,2999-12-31,1,MEDIUM,isin_mapping_final.csv:ca_date
INE466L01020,INE466L01020,1900-01-01,2023-03-02,0,SELF,isin_mapping_final.csv:ca_date
INE466L01020,INE466L01038,2023-03-02,2999-12-31,1,HIGH,isin_mapping_final.csv:ca_date
INE473B01027,INE473B01027,1900-01-01,2011-10-05,0,SELF,isin_mapping_final.csv:ca_date
INE473B01027,INE473B01035,2011-10-05,2999-12-31,1,HIGH,isin_mapping_final.csv:ca_date
INE474C01015,INE474C01015,1900-01-01,2024-07-05,0,SELF,isin_mapping_final.csv:ca_date
INE474C01015,INE474C01023,2024-07-05,2999-12-31,1,HIGH,isin_mapping_final.csv:ca_date
INE474E01011,INE474E01011,1900-01-01,2016-02-25,0,SELF,isin_mapping_final.csv:ca_date
INE474E01011,INE474E01029,2016-02-25,2999-12-31,1,HIGH,isin_mapping_final.csv:ca_date
INE475B01014,INE475B01014,1900-01-01,2015-02-26,0,SELF,isin_mapping_final.csv:ca_date
INE475B01014,INE475B01022,2015-02-26,2999-12-31,1,HIGH,isin_mapping_final.csv:ca_date
INE475E01018,INE475E01018,1900-01-01,2016-10-18,0,SELF,isin_mapping_final.csv:ca_date
INE475E01018,INE475E01026,2016-10-18,2999-12-31,1,HIGH,isin_mapping_final.csv:ca_date
INE476A01014,INE476A01014,1900-01-01,2024-05-14,0,SELF,isin_mapping_final.csv:ca_date
INE476A01014,INE476A01022,2024-05-14,2999-12-31,1,HIGH,isin_mapping_final.csv:ca_date
INE477A01012,INE477A01012,1900-01-01,2017-10-11,0,SELF,isin_mapping_final.csv:ca_date
INE477A01012,INE477A01020,2017-10-11,2999-12-31,1,HIGH,isin_mapping_final.csv:ca_date
INE480C01012,INE480C01012,1900-01-01,2020-10-16,0,SELF,isin_mapping_final.csv:ca_date
INE480C01012,INE480C01020,2020-10-16,2024-05-23,1,HIGH,isin_mapping_final.csv:ca_date
INE480C01012,INE480C01038,2024-05-23,2999-12-31,2,HIGH,isin_mapping_final.csv:ca_date
INE480C01020,INE480C01020,1900-01-01,2024-05-23,0,SELF,isin_mapping_final.csv:ca_date
INE480C01020,INE480C01038,2024-05-23,2999-12-31,1,HIGH,isin_mapping_final.csv:ca_date
INE480C20020,INE480C20020,1900-01-01,2023-04-26,0,SELF,isin_mapping_final.csv:ca_date
INE480C20020,INE480C01038,2023-04-26,2999-12-31,1,HIGH,isin_mapping_final.csv:ca_date
INE481K01013,INE481K01013,1900-01-01,2018-06-19,0,SELF,isin_mapping_final.csv:ca_date
INE481K01013,INE481K01021,2018-06-19,2999-12-31,1,HIGH,isin_mapping_final.csv:ca_date
INE482D01016,INE482D01016,1900-01-01,2016-09-06,0,SELF,isin_mapping_final.csv:ca_date
INE482D01016,INE482D01024,2016-09-06,2999-12-31,1,LOW,isin_mapping_final.csv:ca_date
INE482J01013,INE482J01013,1900-01-01,2016-10-15,0,SELF,isin_mapping_final.csv:ca_date
INE482J01013,INE482J01021,2016-10-15,2999-12-31,1,HIGH,isin_mapping_final.csv:ca_date
INE483B01018,INE483B01018,1900-01-01,2016-11-10,0,SELF,isin_mapping_final.csv:ca_date
INE483B01018,INE483B01026,2016-11-10,2999-12-31,1,HIGH,isin_mapping_final.csv:ca_date
INE483S01012,INE483S01012,1900-01-01,2017-08-30,0,SELF,isin_mapping_final.csv:ca_date
INE483S01012,INE483S01020,2017-08-30,2999-12-31,1,HIGH,isin_mapping_final.csv:ca_date
INE484C01014,INE484C01014,1900-01-01,2016-03-15,0,SELF,isin_mapping_final.csv:ca_date
INE484C01014,INE484C01022,2016-03-15,2021-07-24,1,HIGH,isin_mapping_final.csv:ca_date
INE484C01014,INE484C01030,2021-07-24,2999-12-31,2,HIGH,isin_mapping_final.csv:ca_date
INE484C01022,INE484C01022,1900-01-01,2021-07-24,0,SELF,isin_mapping_final.csv:ca_date
INE484C01022,INE484C01030,2021-07-24,2999-12-31,1,HIGH,isin_mapping_final.csv:ca_date
INE484J01019,INE484J01019,1900-01-01,2013-11-20,0,SELF,isin_mapping_final.csv:ca_date
INE484J01019,INE484J01027,2013-11-20,2999-12-31,1,HIGH,isin_mapping_final.csv:ca_date
INE485C01011,INE485C01011,1900-01-01,2025-03-12,0,SELF,isin_mapping_final.csv:ca_date
INE485C01011,INE485C01029,2025-03-12,2999-12-31,1,HIGH,isin_mapping_final.csv:ca_date
INE486A01013,INE486A01013,1900-01-01,2021-09-16,0,SELF,isin_mapping_final.csv:ca_date
INE486A01013,INE486A01021,2021-09-16,2999-12-31,1,HIGH,isin_mapping_final.csv:ca_date
INE488A01027,INE488A01027,1900-01-01,2012-04-13,0,SELF,isin_mapping_final.csv:ca_date
INE488A01027,INE488A01050,2012-04-13,2999-12-31,1,MEDIUM,isin_mapping_final.csv:ca_date
INE488D01013,INE488D01013,1900-01-01,2012-02-01,0,SELF,isin_mapping_final.csv:ca_date
INE488D01013,INE488D01021,2012-02-01,2999-12-31,1,MEDIUM,isin_mapping_final.csv:ca_date
INE493A01019,INE493A01019,1900-01-01,2014-12-01,0,SELF,isin_mapping_final.csv:ca_date
INE493A01019,INE493A01027,2014-12-01,2999-12-31,1,MEDIUM,isin_mapping_final.csv:ca_date
INE497D01014,INE497D01014,1900-01-01,2018-05-08,0,SELF,isin_mapping_final.csv:ca_date
INE497D01014,INE497D01022,2018-05-08,2999-12-31,1,MEDIUM,isin_mapping_final.csv:ca_date
INE498B01016,INE498B01016,1900-01-01,2011-01-12,0,SELF,isin_mapping_final.csv:ca_date
INE498B01016,INE498B01024,2011-01-12,2999-12-31,1,HIGH,isin_mapping_final.csv:ca_date
INE503B01013,INE503B01013,1900-01-01,2022-07-14,0,SELF,isin_mapping_final.csv:ca_date
INE503B01013,INE503B01021,2022-07-14,2999-12-31,1,HIGH,isin_mapping_final.csv:ca_date
INE509F01011,INE509F01011,1900-01-01,2024-04-03,0,SELF,isin_mapping_final.csv:ca_date
INE509F01011,INE509F01029,2024-04-03,2999-12-31,1,HIGH,isin_mapping_final.csv:ca_date
INE513A01014,INE513A01014,1900-01-01,2022-02-07,0,SELF,isin_mapping_final.csv:ca_date
INE513A01014,INE513A01022,2022-02-07,2999-12-31,1,HIGH,isin_mapping_final.csv:ca_date
INE516K01016,INE516K01016,1900-01-01,2012-10-23,0,SELF,isin_mapping_final.csv:ca_date
INE516K01016,INE516K01024,2012-10-23,2999-12-31,1,HIGH,isin_mapping_final.csv:ca_date
INE517H01010,INE517H01010,1900-01-01,2013-07-04,0,SELF,isin_mapping_final.csv:ca_date
INE517H01010,INE517H01028,2013-07-04,2999-12-31,1,HIGH,isin_mapping_final.csv:ca_date
INE520A01019,INE520A01019,1900-01-01,2018-09-06,0,SELF,isin_mapping_final.csv:ca_date
INE520A01019,INE520A01027,2018-09-06,2999-12-31,1,HIGH,isin_mapping_final.csv:ca_date
INE520H01014,INE520H01014,1900-01-01,2017-05-05,0,SELF,isin_mapping_final.csv:ca_date
INE520H01014,INE520H01022,2017-05-05,2999-12-31,1,HIGH,isin_mapping_final.csv:ca_date
INE524L01018,INE524L01018,1900-01-01,2014-10-29,0,SELF,isin_mapping_final.csv:ca_date
INE524L01018,INE524L01026,2014-10-29,2999-12-31,1,HIGH,isin_mapping_final.csv:ca_date
INE525F01017,INE525F01017,1900-01-01,2024-08-08,0,SELF,isin_mapping_final.csv:ca_date
INE525F01017,INE525F01025,2024-08-08,2999-12-31,1,HIGH,isin_mapping_final.csv:ca_date
INE526G01013,INE526G01013,1900-01-01,2016-05-04,0,SELF,isin_mapping_final.csv:ca_date
INE526G01013,INE526G01021,2016-05-04,2999-12-31,1,HIGH,isin_mapping_final.csv:ca_date
INE526R01010,INE526R01010,1900-01-01,2021-02-03,0,SELF,isin_mapping_final.csv:ca_date
INE526R01010,INE526R01028,2021-02-03,2999-12-31,1,HIGH,isin_mapping_final.csv:ca_date
INE528G01019,INE528G01019,1900-01-01,2017-09-20,0,SELF,isin_mapping_final.csv:ca_date
INE528G01019,INE528G01027,2017-09-20,2020-03-13,1,HIGH,isin_mapping_final.csv:ca_date
INE528G01019,INE528G01035,2020-03-13,2999-12-31,2,HIGH,isin_mapping_final.csv:ca_date
INE528G01027,INE528G01027,1900-01-01,2020-03-13,0,SELF,isin_mapping_final.csv:ca_date
INE528G01027,INE528G01035,2020-03-13,2999-12-31,1,HIGH,isin_mapping_final.csv:ca_date
INE528K01011,INE528K01011,1900-01-01,2018-08-06,0,SELF,isin_mapping_final.csv:ca_date
INE528K01011,INE528K01029,2018-08-06,2999-12-31,1,HIGH,isin_mapping_final.csv:ca_date
INE529F01019,INE529F01019,1900-01-01,2014-04-01,0,SELF,isin_mapping_final.csv:ca_date
INE529F01019,INE529F01035,2014-04-01,2999-12-31,1,MEDIUM,isin_mapping_final.csv:ca_date
INE529F01027,INE529F01027,1900-01-01,2016-11-03,0,SELF,isin_mapping_final.csv:ca_date
INE529F01027,INE529F01035,2016-11-03,2999-12-31,1,MEDIUM,isin_mapping_final.csv:ca_date
INE529I01013,INE529I01013,1900-01-01,2017-06-29,0,SELF,isin_mapping_final.csv:ca_date
INE529I01013,INE529I01021,2017-06-29,2999-12-31,1,MEDIUM,isin_mapping_final.csv:ca_date
INE530B20016,INE530B20016,1900-01-01,2024-05-03,0,SELF,isin_mapping_final.csv:ca_date
INE530B20016,INE530B01024,2024-05-03,2999-12-31,1,HIGH,isin_mapping_final.csv:ca_date
INE531A01016,INE531A01016,1900-01-01,2015-03-25,0,SELF,isin_mapping_final.csv:ca_date
INE531A01016,INE531A01024,2015-03-25,2999-12-31,1,HIGH,isin_mapping_final.csv:ca_date
INE535D01011,INE535D01011,1900-01-01,2014-11-29,0,SELF,isin_mapping_final.csv:ca_date
INE535D01011,INE535D01029,2014-11-29,2024-11-07,1,HIGH,isin_mapping_final.csv:ca_date
INE535D01011,INE535D01037,2024-11-07,2999-12-31,2,HIGH,isin_mapping_final.csv:ca_date
INE535D01029,INE535D01029,1900-01-01,2024-11-07,0,SELF,isin_mapping_final.csv:ca_date
INE535D01029,INE535D01037,2024-11-07,2999-12-31,1,HIGH,isin_mapping_final.csv:ca_date
INE542A01013,INE542A01013,1900-01-01,2011-04-08,0,SELF,isin_mapping_final.csv:ca_date
INE542A01013,INE542A01039,2011-04-08,2999-12-31,1,MEDIUM,isin_mapping_final.csv:ca_date
INE542W01017,INE542W01017,1900-01-01,2024-07-16,0,SELF,isin_mapping_final.csv:ca_date
INE542W01017,INE542W01025,2024-07-16,2999-12-31,1,HIGH,isin_mapping_final.csv:ca_date
INE544R01013,INE544R01013,1900-01-01,2022-02-09,0,SELF,isin_mapping_final.csv:ca_date
INE544R01013,INE544R01021,2022-02-09,2999-12-31,1,HIGH,isin_mapping_final.csv:ca_date
INE545A01016,INE545A01016,1900-01-01,2024-10-17,0,SELF,isin_mapping_final.csv:ca_date
INE545A01016,INE545A01024,2024-10-17,2999-12-31,1,HIGH,isin_mapping_final.csv:ca_date
INE548A01010,INE548A01010,1900-01-01,2011-02-26,0,SELF,isin_mapping_final.csv:ca_date
INE548A01010,INE548A01028,2011-02-26,2999-12-31,1,HIGH,isin_mapping_final.csv:ca_date
INE549A20018,INE549A20018,1900-01-01,2024-03-28,0,SELF,isin_mapping_final.csv:ca_date
INE549A20018,INE549A01026,2024-03-28,2999-12-31,1,HIGH,isin_mapping_final.csv:ca_date
INE549S01028,INE549S01028,1900-01-01,2024-02-24,0,SELF,isin_mapping_final.csv:ca_date
INE549S01028,INE549S01036,2024-02-24,2999-12-31,1,HIGH,isin_mapping_final.csv:ca_date
INE550C01012,INE550C01012,1900-01-01,2015-09-21,0,SELF,isin_mapping_final.csv:ca_date
INE550C01012,INE550C01020,2015-09-21,2999-12-31,1,HIGH,isin_mapping_final.csv:ca_date
INE550F01031,INE550F01031,1900-01-01,2024-11-07,0,SELF,isin_mapping_final.csv:ca_date
INE550F01031,INE550F01049,2024-11-07,2999-12-31,1,HIGH,isin_mapping_final.csv:ca_date
INE555Z01012,INE555Z01012,1900-01-01,2024-12-06,0,SELF,isin_mapping_final.csv:ca_date
INE555Z01012,INE555Z01020,2024-12-06,2999-12-31,1,HIGH,isin_mapping_final.csv:ca_date
INE558D01013,INE558D01013,1900-01-01,2017-08-04,0,SELF,isin_mapping_final.csv:ca_date
INE558D01013,INE558D01021,2017-08-04,2999-12-31,1,HIGH,isin_mapping_final.csv:ca_date
INE567A01010,INE567A01010,1900-01-01,2021-10-30,0,SELF,isin_mapping_final.csv:ca_date
INE567A01010,INE567A01028,2021-10-30,2999-12-31,1,HIGH,isin_mapping_final.csv:ca_date
INE570A01014,INE570A01014,1900-01-01,2023-06-09,0,SELF,isin_mapping_final.csv:ca_date
INE570A01014,INE570A01022,2023-06-09,2999-12-31,1,LOW,isin_mapping_final.csv:ca_date
INE571A01020,INE571A01020,1900-01-01,2022-01-08,0,SELF,isin_mapping_final.csv:ca_date
INE571A01020,INE571A01038,2022-01-08,2999-12-31,1,HIGH,isin_mapping_final.csv:ca_date
INE571B01028,INE571B01028,1900-01-01,2023-10-13,0,SELF,isin_mapping_final.csv:ca_date
INE571B01028,INE571B01036,2023-10-13,2999-12-31,1,LOW,isin_mapping_final.csv:ca_date
INE573A01034,INE573A01034,1900-01-01,2014-12-17,0,SELF,isin_mapping_final.csv:ca_date
INE573A01034,INE573A01042,2014-12-17,2999-12-31,1,HIGH,isin_mapping_final.csv:ca_date
INE573K01017,INE573K01017,1900-01-01,2024-08-09,0,SELF,isin_mapping_final.csv:ca_date
INE573K01017,INE573K01025,2024-08-09,2999-12-31,1,HIGH,isin_mapping_final.csv:ca_date
INE573K20017,INE573K20017,1900-01-01,2020-09-28,0,SELF,isin_mapping_final.csv:ca_date
INE573K20017,INE573K01025,2020-09-28,2999-12-31,1,HIGH,isin_mapping_final.csv:ca_date
INE573K20025,INE573K20025,1900-01-01,2023-05-08,0,SELF,isin_mapping_final.csv:ca_date
INE573K20025,INE573K01025,2023-05-08,2999-12-31,1,HIGH,isin_mapping_final.csv:ca_date
INE574I01027,INE574I01027,1900-01-01,2017-06-21,0,SELF,isin_mapping_final.csv:ca_date
INE574I01027,INE574I01035,2017-06-21,2999-12-31,1,HIGH,isin_mapping_final.csv:ca_date
INE576I01014,INE576I01014,1900-01-01,2015-12-09,0,SELF,isin_mapping_final.csv:ca_date
INE576I01014,INE576I01022,2015-12-09,2999-12-31,1,HIGH,isin_mapping_final.csv:ca_date
INE579B01013,INE579B01013,1900-01-01,2015-06-03,0,SELF,isin_mapping_final.csv:ca_date
INE579B01013,INE579B01021,2015-06-03,2017-09-26,1,HIGH,isin_mapping_final.csv:ca_date
INE579B01013,INE579B01039,2017-09-26,2999-12-31,2,HIGH,isin_mapping_final.csv:ca_date
INE579B01021,INE579B01021,1900-01-01,2017-09-26,0,SELF,isin_mapping_final.csv:ca_date
INE579B01021,INE579B01039,2017-09-26,2999-12-31,1,HIGH,isin_mapping_final.csv:ca_date
INE580B01011,INE580B01011,1900-01-01,2012-07-23,0,SELF,isin_mapping_final.csv:ca_date
INE580B01011,INE580B01029,2012-07-23,2999-12-31,1,HIGH,isin_mapping_final.csv:ca_date
INE583C01013,INE583C01013,1900-01-01,2017-09-09,0,SELF,isin_mapping_final.csv:ca_date
INE583C01013,INE583C01021,2017-09-09,2999-12-31,1,HIGH,isin_mapping_final.csv:ca_date
INE583R01011,INE583R01011,1900-01-01,2021-04-15,0,SELF,isin_mapping_final.csv:ca_date
INE583R01011,INE583R01029,2021-04-15,2999-12-31,1,HIGH,isin_mapping_final.csv:ca_date
INE583R13024,INE583R13024,1900-01-01,2025-01-30,0,SELF,isin_mapping_final.csv:ca_date
INE583R13024,INE583R01029,2025-01-30,2999-12-31,1,LOW,isin_mapping_final.csv:ca_date
INE583V01013,INE583V01013,1900-01-01,2023-04-20,0,SELF,isin_mapping_final.csv:ca_date
INE583V01013,INE583V01021,2023-04-20,2999-12-31,1,MEDIUM,isin_mapping_final.csv:ca_date
INE588G01013,INE588G01013,1900-01-01,2024-08-12,0,SELF,isin_mapping_final.csv:ca_date
INE588G01013,INE588G01021,2024-08-12,2999-12-31,1,HIGH,isin_mapping_final.csv:ca_date
INE592I01011,INE592I01011,1900-01-01,2011-11-08,0,SELF,isin_mapping_final.csv:ca_date
INE592I01011,INE592I01029,2011-11-08,2999-12-31,1,HIGH,isin_mapping_final.csv:ca_date
INE593W01010,INE593W01010,1900-01-01,2023-10-07,0,SELF,isin_mapping_final.csv:ca_date
INE593W01010,INE593W01028,2023-10-07,2999-12-31,1,HIGH,isin_mapping_final.csv:ca_date
INE595R01015,INE595R01015,1900-01-01,2021-04-01,0,SELF,isin_mapping_final.csv:ca_date
INE595R01015,INE595R01023,2021-04-01,2999-12-31,1,HIGH,isin_mapping_final.csv:ca_date
INE597I01010,INE597I01010,1900-01-01,2021-04-15,0,SELF,isin_mapping_final.csv:ca_date
INE597I01010,INE597I01028,2021-04-15,2999-12-31,1,HIGH,isin_mapping_final.csv:ca_date
INE598D01019,INE598D01019,1900-01-01,2021-11-30,0,SELF,isin_mapping_final.csv:ca_date
INE598D01019,INE598D01027,2021-11-30,2999-12-31,1,MEDIUM,isin_mapping_final.csv:ca_date
INE599F01012,INE599F01012,1900-01-01,2020-08-29,0,SELF,isin_mapping_final.csv:ca_date
INE599F01012,INE599F01020,2020-08-29,2999-12-31,1,HIGH,isin_mapping_final.csv:ca_date
INE600D01013,INE600D01013,1900-01-01,2011-02-05,0,SELF,isin_mapping_final.csv:ca_date
INE600D01013,INE600D01021,2011-02-05,2999-12-31,1,HIGH,isin_mapping_final.csv:ca_date
INE602A01015,INE602A01015,1900-01-01,2018-04-18,0,SELF,isin_mapping_final.csv:ca_date
INE602A01015,INE602A01023,2018-04-18,2022-04-09,1,HIGH,isin_mapping_final.csv:ca_date
INE602A01015,INE602A01031,2022-04-09,2999-12-31,2,HIGH,isin_mapping_final.csv:ca_date
INE602A01023,INE602A01023,1900-01-01,2022-04-09,0,SELF,isin_mapping_final.csv:ca_date
INE602A01023,INE602A01031,2022-04-09,2999-12-31,1,HIGH,isin_mapping_final.csv:ca_date
INE602W01019,INE602W01019,1900-01-01,2025-01-30,0,SELF,isin_mapping_final.csv:ca_date
INE602W01019,INE602W01027,2025-01-30,2999-12-31,1,HIGH,isin_mapping_final.csv:ca_date
INE603J01014,INE603J01014,1900-01-01,2011-08-20,0,SELF,isin_mapping_final.csv:ca_date
INE603J01014,INE603J01022,2011-08-20,2013-04-11,1,HIGH,isin_mapping_final.csv:ca_date
INE603J01014,INE603J01030,2013-04-11,2999-12-31,2,HIGH,isin_mapping_final.csv:ca_date
INE603J01022,INE603J01022,1900-01-01,2013-04-11,0,SELF,isin_mapping_final.csv:ca_date
INE603J01022,INE603J01030,2013-04-11,2999-12-31,1,HIGH,isin_mapping_final.csv:ca_date
INE606K01023,INE606K01023,1900-01-01,2024-09-21,0,SELF,isin_mapping_final.csv:ca_date
INE606K01023,INE606K01049,2024-09-21,2999-12-31,1,HIGH,isin_mapping_final.csv:ca_date
INE611A20016,INE611A20016,1900-01-01,2023-01-02,0,SELF,isin_mapping_final.csv:ca_date
INE611A20016,INE611A01016,2023-01-02,2999-12-31,1,HIGH,isin_mapping_final.csv:ca_date
INE611L01013,INE611L01013,1900-01-01,2015-12-23,0,SELF,isin_mapping_final.csv:ca_date
INE611L01013,INE611L01021,2015-12-23,2999-12-31,1,HIGH,isin_mapping_final.csv:ca_date
INE613A01012,INE613A01012,1900-01-01,2011-07-14,0,SELF,isin_mapping_final.csv:ca_date
INE613A01012,INE613A01020,2011-07-14,2999-12-31,1,HIGH,isin_mapping_final.csv:ca_date
INE613C01018,INE613C01018,1900-01-01,2024-07-29,0,SELF,isin_mapping_final.csv:ca_date
INE613C01018,INE613C01026,2024-07-29,2999-12-31,1,HIGH,isin_mapping_final.csv:ca_date
INE615H01012,INE615H01012,1900-01-01,2015-04-22,0,SELF,isin_mapping_final.csv:ca_date
INE615H01012,INE615H01020,2015-04-22,2999-12-31,1,HIGH,isin_mapping_final.csv:ca_date
INE615R01011,INE615R01011,1900-01-01,2021-10-16,0,SELF,isin_mapping_final.csv:ca_date
INE615R01011,INE615R01029,2021-10-16,2999-12-31,1,HIGH,isin_mapping_final.csv:ca_date
INE618N01014,INE618N01014,1900-01-01,2024-05-31,0,SELF,isin_mapping_final.csv:ca_date
INE618N01014,INE618N01022,2024-05-31,2999-12-31,1,HIGH,isin_mapping_final.csv:ca_date
INE624Z20016,INE624Z20016,1900-01-01,2024-06-05,0,SELF,isin_mapping_final.csv:ca_date
INE624Z20016,IN9624Z01014,2024-06-05,2999-12-31,1,HIGH,isin_mapping_final.csv:ca_date
INE626Z01011,INE626Z01011,1900-01-01,2023-06-02,0,SELF,isin_mapping_final.csv:ca_date
INE626Z01011,INE626Z01029,2023-06-02,2999-12-31,1,MEDIUM,isin_mapping_final.csv:ca_date
INE628A20010,INE628A20010,1900-01-01,2024-12-11,0,SELF,isin_mapping_final.csv:ca_date
INE628A20010,INE628A01036,2024-12-11,2999-12-31,1,HIGH,isin_mapping_final.csv:ca_date
INE629D01012,INE629D01012,1900-01-01,2022-09-08,0,SELF,isin_mapping_final.csv:ca_date
INE629D01012,INE629D01020,2022-09-08,2999-12-31,1,HIGH,isin_mapping_final.csv:ca_date
INE629F20017,INE629F20017,1900-01-01,2022-06-30,0,SELF,isin_mapping_final.csv:ca_date
INE629F20017,INE629F01025,2022-06-30,2999-12-31,1,HIGH,isin_mapping_final.csv:ca_date
INE630A01016,INE630A01016,1900-01-01,2019-08-16,0,SELF,isin_mapping_final.csv:ca_date
INE630A01016,INE630A01024,2019-08-16,2999-12-31,1,HIGH,isin_mapping_final.csv:ca_date
INE630Y01016,INE630Y01016,1900-01-01,2023-01-20,0,SELF,isin_mapping_final.csv:ca_date
INE630Y01016,INE630Y01024,2023-01-20,2999-12-31,1,MEDIUM,isin_mapping_final.csv:ca_date
INE632X01022,INE632X01022,1900-01-01,2018-12-13,0,SELF,isin_mapping_final.csv:ca_date
INE632X01022,INE632X01030,2018-12-13,2999-12-31,1,MEDIUM,isin_mapping_final.csv:ca_date
INE634I01011,INE634I01011,1900-01-01,2016-12-12,0,SELF,isin_mapping_final.csv:ca_date
INE634I01011,INE634I01029,2016-12-12,2999-12-31,1,HIGH,isin_mapping_final.csv:ca_date
INE637C01017,INE637C01017,1900-01-01,2017-05-29,0,SELF,isin_mapping_final.csv:ca_date
INE637C01017,INE637C01025,2017-05-29,2999-12-31,1,LOW,isin_mapping_final.csv:ca_date
INE637H01016,INE637H01016,1900-01-01,2012-04-24,0,SELF,isin_mapping_final.csv:ca_date
INE637H01016,INE637H01024,2012-04-24,2999-12-31,1,LOW,isin_mapping_final.csv:ca_date
INE638A01027,INE638A01027,1900-01-01,2017-10-07,0,SELF,isin_mapping_final.csv:ca_date
INE638A01027,INE638A01035,2017-10-07,2999-12-31,1,MEDIUM,isin_mapping_final.csv:ca_date
INE642Y01011,INE642Y01011,1900-01-01,2023-06-30,0,SELF,isin_mapping_final.csv:ca_date
INE642Y01011,INE642Y01029,2023-06-30,2999-12-31,1,MEDIUM,isin_mapping_final.csv:ca_date
INE645H01019,INE645H01019,1900-01-01,2017-09-25,0,SELF,isin_mapping_final.csv:ca_date
INE645H01019,INE645H01027,2017-09-25,2999-12-31,1,HIGH,isin_mapping_final.csv:ca_date
INE648Z01015,INE648Z01015,1900-01-01,2023-02-14,0,SELF,isin_mapping_final.csv:ca_date
INE648Z01015,INE648Z01023,2023-02-14,2999-12-31,1,HIGH,isin_mapping_final.csv:ca_date
INE650G01011,INE650G01011,1900-01-01,2012-04-19,0,SELF,isin_mapping_final.csv:ca_date
INE650G01011,INE650G01029,2012-04-19,2999-12-31,1,LOW,isin_mapping_final.csv:ca_date
INE650K01013,INE650K01013,1900-01-01,2016-10-07,0,SELF,isin_mapping_final.csv:ca_date
INE650K01013,INE650K01021,2016-10-07,2999-12-31,1,HIGH,isin_mapping_final.csv:ca_date
INE659A01015,INE659A01015,1900-01-01,2014-10-04,0,SELF,isin_mapping_final.csv:ca_date
INE659A01015,INE659A01023,2014-10-04,2999-12-31,1,HIGH,isin_mapping_final.csv:ca_date
INE663A01017,INE663A01017,1900-01-01,2022-05-18,0,SELF,isin_mapping_final.csv:ca_date
INE663A01017,IN8663A01024,2022-05-18,2999-12-31,1,HIGH,isin_mapping_final.csv:ca_date
INE663A01025,INE663A01025,1900-01-01,2023-01-05,0,SELF,isin_mapping_final.csv:ca_date
INE663A01025,INE663A01033,2023-01-05,2999-12-31,1,HIGH,isin_mapping_final.csv:ca_date
INE665A01020,INE665A01020,1900-01-01,2014-02-05,0,SELF,isin_mapping_final.csv:ca_date
INE665A01020,INE665A01038,2014-02-05,2999-12-31,1,HIGH,isin_mapping_final.csv:ca_date
INE666D01014,INE666D01014,1900-01-01,2017-09-13,0,SELF,isin_mapping_final.csv:ca_date
INE666D01014,INE666D01022,2017-09-13,2999-12-31,1,HIGH,isin_mapping_final.csv:ca_date
INE667G01015,INE667G01015,1900-01-01,2022-09-22,0,SELF,isin_mapping_final.csv:ca_date
INE667G01015,INE667G01023,2022-09-22,2999-12-31,1,HIGH,isin_mapping_final.csv:ca_date
INE668G01013,INE668G01013,1900-01-01,2018-02-08,0,SELF,isin_mapping_final.csv:ca_date
INE668G01013,INE668G01021,2018-02-08,2999-12-31,1,MEDIUM,isin_mapping_final.csv:ca_date
INE669C01028,INE669C01028,1900-01-01,2015-03-18,0,SELF,isin_mapping_final.csv:ca_date
INE669C01028,INE669C01036,2015-03-18,2999-12-31,1,HIGH,isin_mapping_final.csv:ca_date
INE669X01016,INE669X01016,1900-01-01,2023-01-20,0,SELF,isin_mapping_final.csv:ca_date
INE669X01016,INE669X01024,2023-01-20,2999-12-31,1,MEDIUM,isin_mapping_final.csv:ca_date
INE671H20015,INE671H20015,1900-01-01,2024-07-01,0,SELF,isin_mapping_final.csv:ca_date
INE671H20015,INE671H01015,2024-07-01,2999-12-31,1,HIGH,isin_mapping_final.csv:ca_date
INE676A01019,INE676A01019,1900-01-01,2022-05-12,0,SELF,isin_mapping_final.csv:ca_date
INE676A01019,INE676A01027,2022-05-12,2999-12-31,1,HIGH,isin_mapping_final.csv:ca_date
INE676A13022,INE676A13022,1900-01-01,2025-01-30,0,SELF,isin_mapping_final.csv:ca_date
INE676A13022,INE676A01027,2025-01-30,2999-12-31,1,HIGH,isin_mapping_final.csv:ca_date
INE677D01029,INE677D01029,1900-01-01,2024-10-31,0,SELF,isin_mapping_final.csv:ca_date
INE677D01029,INE677D01037,2024-10-31,2999-12-31,1,HIGH,isin_mapping_final.csv:ca_date
INE679V01019,INE679V01019,1900-01-01,2024-08-26,0,SELF,isin_mapping_final.csv:ca_date
INE679V01019,INE679V01027,2024-08-26,2999-12-31,1,HIGH,isin_mapping_final.csv:ca_date
INE685Z01017,INE685Z01017,1900-01-01,2018-08-10,0,SELF,isin_mapping_final.csv:ca_date
INE685Z01017,INE685Z01033,2018-08-10,2999-12-31,1,HIGH,isin_mapping_final.csv:ca_date
INE685Z01025,INE685Z01025,1900-01-01,2023-01-11,0,SELF,isin_mapping_final.csv:ca_date
INE685Z01025,INE685Z01033,2023-01-11,2999-12-31,1,HIGH,isin_mapping_final.csv:ca_date
INE686A01018,INE686A01018,1900-01-01,2015-08-20,0,SELF,isin_mapping_final.csv:ca_date
INE686A01018,INE686A01026,2015-08-20,2999-12-31,1,HIGH,isin_mapping_final.csv:ca_date
INE688J01015,INE688J01015,1900-01-01,2022-09-29,0,SELF,isin_mapping_final.csv:ca_date
INE688J01015,INE688J01023,2022-09-29,2999-12-31,1,HIGH,isin_mapping_final.csv:ca_date
INE688Y01014,INE688Y01014,1900-01-01,2022-09-08,0,SELF,isin_mapping_final.csv:ca_date
INE688Y01014,INE688Y01022,2022-09-08,2999-12-31,1,HIGH,isin_mapping_final.csv:ca_date
INE690A01010,INE690A01010,1900-01-01,2021-12-13,0,SELF,isin_mapping_final.csv:ca_date
INE690A01010,INE690A01028,2021-12-13,2999-12-31,1,HIGH,isin_mapping_final.csv:ca_date
INE691C01014,INE691C01014,1900-01-01,2024-09-26,0,SELF,isin_mapping_final.csv:ca_date
INE691C01014,INE691C01022,2024-09-26,2999-12-31,1,HIGH,isin_mapping_final.csv:ca_date
INE696K01016,INE696K01016,1900-01-01,2016-05-03,0,SELF,isin_mapping_final.csv:ca_date
INE696K01016,INE696K01024,2016-05-03,2999-12-31,1,HIGH,isin_mapping_final.csv:ca_date
INE702C01019,INE702C01019,1900-01-01,2020-12-14,0,SELF,isin_mapping_final.csv:ca_date
INE702C01019,INE702C01027,2020-12-14,2999-12-31,1,HIGH,isin_mapping_final.csv:ca_date
INE704G01016,INE704G01016,1900-01-01,2011-11-09,0,SELF,isin_mapping_final.csv:ca_date
INE704G01016,INE704G01024,2011-11-09,2999-12-31,1,HIGH,isin_mapping_final.csv:ca_date
INE704H01014,INE704H01014,1900-01-01,2012-06-05,0,SELF,isin_mapping_final.csv:ca_date
INE704H01014,INE704H01022,2012-06-05,2999-12-31,1,HIGH,isin_mapping_final.csv:ca_date
INE704P01017,INE704P01017,1900-01-01,2024-01-09,0,SELF,isin_mapping_final.csv:ca_date
INE704P01017,INE704P01025,2024-01-09,2999-12-31,1,HIGH,isin_mapping_final.csv:ca_date
INE704P07014,INE704P07014,1900-01-01,2017-08-09,0,SELF,isin_mapping_final.csv:ca_date
INE704P07014,INE704P01025,2017-08-09,2999-12-31,1,HIGH,isin_mapping_final.csv:ca_date
INE705X01018,INE705X01018,1900-01-01,2023-04-26,0,SELF,isin_mapping_final.csv:ca_date
INE705X01018,INE705X01026,2023-04-26,2999-12-31,1,HIGH,isin_mapping_final.csv:ca_date
INE706P01012,INE706P01012,1900-01-01,2017-07-29,0,SELF,isin_mapping_final.csv:ca_date
INE706P01012,INE706P01020,2017-07-29,2999-12-31,1,HIGH,isin_mapping_final.csv:ca_date
INE713T01010,INE713T01010,1900-01-01,2023-05-05,0,SELF,isin_mapping_final.csv:ca_date
INE713T01010,INE713T01028,2023-05-05,2999-12-31,1,HIGH,isin_mapping_final.csv:ca_date
INE715B01013,INE715B01013,1900-01-01,2021-12-29,0,SELF,isin_mapping_final.csv:ca_date
INE715B01013,INE715B01021,2021-12-29,2999-12-31,1,HIGH,isin_mapping_final.csv:ca_date
INE715Y01015,INE715Y01015,1900-01-01,2023-01-23,0,SELF,isin_mapping_final.csv:ca_date
INE715Y01015,INE715Y01023,2023-01-23,2999-12-31,1,HIGH,isin_mapping_final.csv:ca_date
INE716B01011,INE716B01011,1900-01-01,2023-04-21,0,SELF,isin_mapping_final.csv:ca_date
INE716B01011,INE716B01029,2023-04-21,2999-12-31,1,HIGH,isin_mapping_final.csv:ca_date
INE716D20017,INE716D20017,1900-01-01,2023-07-05,0,SELF,isin_mapping_final.csv:ca_date
INE716D20017,INE716D01033,2023-07-05,2999-12-31,1,HIGH,isin_mapping_final.csv:ca_date
INE717F01010,INE717F01010,1900-01-01,2022-08-16,0,SELF,isin_mapping_final.csv:ca_date
INE717F01010,INE717F01028,2022-08-16,2999-12-31,1,HIGH,isin_mapping_final.csv:ca_date
INE721A01013,INE721A01013,1900-01-01,2025-01-09,0,SELF,isin_mapping_final.csv:ca_date
INE721A01013,INE721A01047,2025-01-09,2999-12-31,1,HIGH,isin_mapping_final.csv:ca_date
INE722H01016,INE722H01016,1900-01-01,2022-07-21,0,SELF,isin_mapping_final.csv:ca_date
INE722H01016,INE722H01024,2022-07-21,2999-12-31,1,HIGH,isin_mapping_final.csv:ca_date
INE725A01022,INE725A01022,1900-01-01,2025-01-18,0,SELF,isin_mapping_final.csv:ca_date
INE725A01022,INE725A01030,2025-01-18,2999-12-31,1,HIGH,isin_mapping_final.csv:ca_date
INE725E01016,INE725E01016,1900-01-01,2012-10-27,0,SELF,isin_mapping_final.csv:ca_date
INE725E01016,INE725E01024,2012-10-27,2999-12-31,1,HIGH,isin_mapping_final.csv:ca_date
INE727C01016,INE727C01016,1900-01-01,2024-10-16,0,SELF,isin_mapping_final.csv:ca_date
INE727C01016,INE727C01024,2024-10-16,2999-12-31,1,HIGH,isin_mapping_final.csv:ca_date
INE732K01019,INE732K01019,1900-01-01,2021-02-10,0,SELF,isin_mapping_final.csv:ca_date
INE732K01019,INE732K01027,2021-02-10,2999-12-31,1,LOW,isin_mapping_final.csv:ca_date
INE740X01015,INE740X01015,1900-01-01,2024-03-30,0,SELF,isin_mapping_final.csv:ca_date
INE740X01015,INE740X01023,2024-03-30,2999-12-31,1,HIGH,isin_mapping_final.csv:ca_date
INE754A01014,INE754A01014,1900-01-01,2020-10-30,0,SELF,isin_mapping_final.csv:ca_date
INE754A01014,IN8754A01021,2020-10-30,2999-12-31,1,HIGH,isin_mapping_final.csv:ca_date
INE755Q01017,INE755Q01017,1900-01-01,2017-10-26,0,SELF,isin_mapping_final.csv:ca_date
INE755Q01017,INE755Q01025,2017-10-26,2999-12-31,1,HIGH,isin_mapping_final.csv:ca_date
INE757T01017,INE757T01017,1900-01-01,2023-04-01,0,SELF,isin_mapping_final.csv:ca_date
INE757T01017,INE757T01025,2023-04-01,2999-12-31,1,HIGH,isin_mapping_final.csv:ca_date
INE760F01010,INE760F01010,1900-01-01,2021-08-24,0,SELF,isin_mapping_final.csv:ca_date
INE760F01010,INE760F01028,2021-08-24,2999-12-31,1,MEDIUM,isin_mapping_final.csv:ca_date
INE760W01015,INE760W01015,1900-01-01,2024-09-16,0,SELF,isin_mapping_final.csv:ca_date
INE760W01015,INE760W01023,2024-09-16,2999-12-31,1,HIGH,isin_mapping_final.csv:ca_date
INE765D01014,INE765D01014,1900-01-01,2024-07-11,0,SELF,isin_mapping_final.csv:ca_date
INE765D01014,INE765D01022,2024-07-11,2999-12-31,1,HIGH,isin_mapping_final.csv:ca_date
INE774D01016,INE774D01016,1900-01-01,2013-02-15,0,SELF,isin_mapping_final.csv:ca_date
INE774D01016,INE774D01024,2013-02-15,2999-12-31,1,HIGH,isin_mapping_final.csv:ca_date
INE778E01023,INE778E01023,1900-01-01,2015-12-08,0,SELF,isin_mapping_final.csv:ca_date
INE778E01023,INE778E01031,2015-12-08,2999-12-31,1,HIGH,isin_mapping_final.csv:ca_date
INE782X01017,INE782X01017,1900-01-01,2023-01-23,0,SELF,isin_mapping_final.csv:ca_date
INE782X01017,INE782X01033,2023-01-23,2999-12-31,1,MEDIUM,isin_mapping_final.csv:ca_date
INE782X01025,INE782X01025,1900-01-01,2023-07-31,0,SELF,isin_mapping_final.csv:ca_date
INE782X01025,INE782X01033,2023-07-31,2999-12-31,1,HIGH,isin_mapping_final.csv:ca_date
INE784R01015,INE784R01015,1900-01-01,2022-09-09,0,SELF,isin_mapping_final.csv:ca_date
INE784R01015,INE784R01023,2022-09-09,2999-12-31,1,LOW,isin_mapping_final.csv:ca_date
INE785M01013,INE785M01013,1900-01-01,2024-12-14,0,SELF,isin_mapping_final.csv:ca_date
INE785M01013,INE785M01021,2024-12-14,2999-12-31,1,HIGH,isin_mapping_final.csv:ca_date
INE788J01013,INE788J01013,1900-01-01,2018-04-23,0,SELF,isin_mapping_final.csv:ca_date
INE788J01013,INE788J01021,2018-04-23,2999-12-31,1,HIGH,isin_mapping_final.csv:ca_date
INE790G01023,INE790G01023,1900-01-01,2015-11-05,0,SELF,isin_mapping_final.csv:ca_date
INE790G01023,INE790G01031,2015-11-05,2999-12-31,1,HIGH,isin_mapping_final.csv:ca_date
INE793G01019,INE793G01019,1900-01-01,2012-12-19,0,SELF,isin_mapping_final.csv:ca_date
INE793G01019,INE793G01035,2012-12-19,2999-12-31,1,HIGH,isin_mapping_final.csv:ca_date
INE793G01027,INE793G01027,1900-01-01,2014-10-21,0,SELF,isin_mapping_final.csv:ca_date
INE793G01027,INE793G01035,2014-10-21,2999-12-31,1,HIGH,isin_mapping_final.csv:ca_date
INE797F01012,INE797F01012,1900-01-01,2022-04-18,0,SELF,isin_mapping_final.csv:ca_date
INE797F01012,INE797F01020,2022-04-18,2999-12-31,1,HIGH,isin_mapping_final.csv:ca_date
INE802B01019,INE802B01019,1900-01-01,2024-12-19,0,SELF,isin_mapping_final.csv:ca_date
INE802B01019,INE802B01027,2024-12-19,2999-12-31,1,HIGH,isin_mapping_final.csv:ca_date
INE802C01017,INE802C01017,1900-01-01,2021-11-17,0,SELF,isin_mapping_final.csv:ca_date
INE802C01017,INE802C01025,2021-11-17,2022-11-12,1,HIGH,isin_mapping_final.csv:ca_date
INE802C01017,INE802C01033,2022-11-12,2999-12-31,2,HIGH,isin_mapping_final.csv:ca_date
INE802C01025,INE802C01025,1900-01-01,2022-11-12,0,SELF,isin_mapping_final.csv:ca_date
INE802C01025,INE802C01033,2022-11-12,2999-12-31,1,HIGH,isin_mapping_final.csv:ca_date
INE802D01015,INE802D01015,1900-01-01,2015-04-22,0,SELF,isin_mapping_final.csv:ca_date
INE802D01015,INE802D01023,2015-04-22,2999-12-31,1,HIGH,isin_mapping_final.csv:ca_date
INE802W01015,INE802W01015,1900-01-01,2018-09-10,0,SELF,isin_mapping_final.csv:ca_date
INE802W01015,INE802W01023,2018-09-10,2999-12-31,1,LOW,isin_mapping_final.csv:ca_date
INE804D01011,INE804D01011,1900-01-01,2014-12-27,0,SELF,isin_mapping_final.csv:ca_date
INE804D01011,INE804D01029,2014-12-27,2999-12-31,1,HIGH,isin_mapping_final.csv:ca_date
INE805D01026,INE805D01026,1900-01-01,2017-07-24,0,SELF,isin_mapping_final.csv:ca_date
INE805D01026,INE805D01034,2017-07-24,2999-12-31,1,HIGH,isin_mapping_final.csv:ca_date
INE806A20020,INE806A20020,1900-01-01,2021-12-15,0,SELF,isin_mapping_final.csv:ca_date
INE806A20020,INE806A01020,2021-12-15,2999-12-31,1,HIGH,isin_mapping_final.csv:ca_date
INE806T01012,INE806T01012,1900-01-01,2024-09-05,0,SELF,isin_mapping_final.csv:ca_date
INE806T01012,INE806T01020,2024-09-05,2999-12-31,1,HIGH,isin_mapping_final.csv:ca_date
INE807F01019,INE807F01019,1900-01-01,2016-02-24,0,SELF,isin_mapping_final.csv:ca_date
INE807F01019,INE807F01027,2016-02-24,2999-12-31,1,HIGH,isin_mapping_final.csv:ca_date
INE809A01024,INE809A01024,1900-01-01,2025-02-10,0,SELF,isin_mapping_final.csv:ca_date
INE809A01024,INE809A01032,2025-02-10,2999-12-31,1,HIGH,isin_mapping_final.csv:ca_date
INE812G01017,INE812G01017,1900-01-01,2016-05-13,0,SELF,isin_mapping_final.csv:ca_date
INE812G01017,INE812G01025,2016-05-13,2999-12-31,1,LOW,isin_mapping_final.csv:ca_date
INE816B01019,INE816B01019,1900-01-01,2018-06-26,0,SELF,isin_mapping_final.csv:ca_date
INE816B01019,INE816B01027,2018-06-26,2022-12-27,1,HIGH,isin_mapping_final.csv:ca_date
INE816B01019,INE816B01035,2022-12-27,2999-12-31,2,HIGH,isin_mapping_final.csv:ca_date
INE816B01027,INE816B01027,1900-01-01,2022-12-27,0,SELF,isin_mapping_final.csv:ca_date
INE816B01027,INE816B01035,2022-12-27,2999-12-31,1,HIGH,isin_mapping_final.csv:ca_date
INE818H01012,INE818H01012,1900-01-01,2017-06-02,0,SELF,isin_mapping_final.csv:ca_date
INE818H01012,INE818H01020,2017-06-02,2999-12-31,1,HIGH,isin_mapping_final.csv:ca_date
INE819A01031,INE819A01031,1900-01-01,2023-04-13,0,SELF,isin_mapping_final.csv:ca_date
INE819A01031,INE819A01049,2023-04-13,2999-12-31,1,HIGH,isin_mapping_final.csv:ca_date
INE820Y01013,INE820Y01013,1900-01-01,2022-10-10,0,SELF,isin_mapping_final.csv:ca_date
INE820Y01013,INE820Y01021,2022-10-10,2999-12-31,1,HIGH,isin_mapping_final.csv:ca_date
INE821I01014,INE821I01014,1900-01-01,2023-02-23,0,SELF,isin_mapping_final.csv:ca_date
INE821I01014,INE821I01022,2023-02-23,2999-12-31,1,HIGH,isin_mapping_final.csv:ca_date
INE825A01012,INE825A01012,1900-01-01,2022-03-23,0,SELF,isin_mapping_final.csv:ca_date
INE825A01012,INE825A01020,2022-03-23,2999-12-31,1,HIGH,isin_mapping_final.csv:ca_date
INE835A01011,INE835A01011,1900-01-01,2024-05-18,0,SELF,isin_mapping_final.csv:ca_date
INE835A01011,INE835A01029,2024-05-18,2999-12-31,1,HIGH,isin_mapping_final.csv:ca_date
INE837B01023,INE837B01023,1900-01-01,2011-07-19,0,SELF,isin_mapping_final.csv:ca_date
INE837B01023,INE837B01031,2011-07-19,2999-12-31,1,HIGH,isin_mapping_final.csv:ca_date
INE837H01012,INE837H01012,1900-01-01,2017-05-24,0,SELF,isin_mapping_final.csv:ca_date
INE837H01012,INE837H01020,2017-05-24,2999-12-31,1,HIGH,isin_mapping_final.csv:ca_date
INE839E01015,INE839E01015,1900-01-01,2011-12-27,0,SELF,isin_mapping_final.csv:ca_date
INE839E01015,INE839E01023,2011-12-27,2999-12-31,1,HIGH,isin_mapping_final.csv:ca_date
INE840Y01011,INE840Y01011,1900-01-01,2022-01-20,0,SELF,isin_mapping_final.csv:ca_date
INE840Y01011,INE840Y01029,2022-01-20,2999-12-31,1,HIGH,isin_mapping_final.csv:ca_date
INE843D01019,INE843D01019,1900-01-01,2021-10-12,0,SELF,isin_mapping_final.csv:ca_date
INE843D01019,INE843D01027,2021-10-12,2999-12-31,1,HIGH,isin_mapping_final.csv:ca_date
INE844O01022,INE844O01022,1900-01-01,2019-01-14,0,SELF,isin_mapping_final.csv:ca_date
INE844O01022,INE844O01030,2019-01-14,2999-12-31,1,HIGH,isin_mapping_final.csv:ca_date
INE849A01012,INE849A01012,1900-01-01,2016-09-10,0,SELF,isin_mapping_final.csv:ca_date
INE849A01012,INE849A01020,2016-09-10,2999-12-31,1,HIGH,isin_mapping_final.csv:ca_date
INE849A03018,INE849A03018,1900-01-01,2011-03-30,0,SELF,isin_mapping_final.csv:ca_date
INE849A03018,INE849A01020,2011-03-30,2999-12-31,1,HIGH,isin_mapping_final.csv:ca_date
INE849A03026,INE849A03026,1900-01-01,2011-03-29,0,SELF,isin_mapping_final.csv:ca_date
INE849A03026,INE849A01020,2011-03-29,2999-12-31,1,HIGH,isin_mapping_final.csv:ca_date
INE849C01018,INE849C01018,1900-01-01,2012-11-23,0,SELF,isin_mapping_final.csv:ca_date
INE849C01018,INE849C01026,2012-11-23,2999-12-31,1,HIGH,isin_mapping_final.csv:ca_date
INE850B01018,INE850B01018,1900-01-01,2016-12-04,0,SELF,isin_mapping_final.csv:ca_date
INE850B01018,INE850B01026,2016-12-04,2999-12-31,1,HIGH,isin_mapping_final.csv:ca_date
INE854D01016,INE854D01016,1900-01-01,2018-06-14,0,SELF,isin_mapping_final.csv:ca_date
INE854D01016,INE854D01024,2018-06-14,2999-12-31,1,HIGH,isin_mapping_final.csv:ca_date
INE854S01014,INE854S01014,1900-01-01,2018-09-19,0,SELF,isin_mapping_final.csv:ca_date
INE854S01014,INE854S01022,2018-09-19,2999-12-31,1,HIGH,isin_mapping_final.csv:ca_date
INE855B01017,INE855B01017,1900-01-01,2011-06-14,0,SELF,isin_mapping_final.csv:ca_date
INE855B01017,INE855B01025,2011-06-14,2999-12-31,1,HIGH,isin_mapping_final.csv:ca_date
INE858B01011,INE858B01011,1900-01-01,2019-03-27,0,SELF,isin_mapping_final.csv:ca_date
INE858B01011,INE858B01029,2019-03-27,2999-12-31,1,HIGH,isin_mapping_final.csv:ca_date
INE861A01017,INE861A01017,1900-01-01,2011-01-03,0,SELF,isin_mapping_final.csv:ca_date
INE861A01017,INE861A01058,2011-01-03,2999-12-31,1,HIGH,isin_mapping_final.csv:ca_date
INE863B01011,INE863B01011,1900-01-01,2024-06-21,0,SELF,isin_mapping_final.csv:ca_date
INE863B01011,INE863B01029,2024-06-21,2999-12-31,1,HIGH,isin_mapping_final.csv:ca_date
INE869Y20010,INE869Y20010,1900-01-01,2022-08-29,0,SELF,isin_mapping_final.csv:ca_date
INE869Y20010,INE869Y01010,2022-08-29,2999-12-31,1,HIGH,isin_mapping_final.csv:ca_date
INE870B01016,INE870B01016,1900-01-01,2024-03-12,0,SELF,isin_mapping_final.csv:ca_date
INE870B01016,INE870B01024,2024-03-12,2999-12-31,1,HIGH,isin_mapping_final.csv:ca_date
INE870B13011,INE870B13011,1900-01-01,2023-11-07,0,SELF,isin_mapping_final.csv:ca_date
INE870B13011,INE870B01024,2023-11-07,2999-12-31,1,HIGH,isin_mapping_final.csv:ca_date
INE871C01012,INE871C01012,1900-01-01,2015-11-24,0,SELF,isin_mapping_final.csv:ca_date
INE871C01012,INE871C01020,2015-11-24,2018-06-25,1,HIGH,isin_mapping_final.csv:ca_date
INE871C01012,INE871C01038,2018-06-25,2999-12-31,2,HIGH,isin_mapping_final.csv:ca_date
INE871C01020,INE871C01020,1900-01-01,2018-06-25,0,SELF,isin_mapping_final.csv:ca_date
INE871C01020,INE871C01038,2018-06-25,2999-12-31,1,HIGH,isin_mapping_final.csv:ca_date
INE872H01019,INE872H01019,1900-01-01,2018-06-06,0,SELF,isin_mapping_final.csv:ca_date
INE872H01019,INE872H01027,2018-06-06,2999-12-31,1,HIGH,isin_mapping_final.csv:ca_date
INE873D01016,INE873D01016,1900-01-01,2012-05-16,0,SELF,isin_mapping_final.csv:ca_date
INE873D01016,INE873D01024,2012-05-16,2999-12-31,1,HIGH,isin_mapping_final.csv:ca_date
INE875G01022,INE875G01022,1900-01-01,2012-03-12,0,SELF,isin_mapping_final.csv:ca_date
INE875G01022,INE875G01030,2012-03-12,2024-09-20,1,HIGH,isin_mapping_final.csv:ca_date
INE875G01022,INE875G01048,2024-09-20,2999-12-31,2,HIGH,isin_mapping_final.csv:ca_date
INE875G01030,INE875G01030,1900-01-01,2024-09-20,0,SELF,isin_mapping_final.csv:ca_date
INE875G01030,INE875G01048,2024-09-20,2999-12-31,1,HIGH,isin_mapping_final.csv:ca_date
INE878E01013,INE878E01013,1900-01-01,2015-12-15,0,SELF,isin_mapping_final.csv:ca_date
INE878E01013,INE878E01021,2015-12-15,2999-12-31,1,HIGH,isin_mapping_final.csv:ca_date
INE878I01014,INE878I01014,1900-01-01,2015-09-30,0,SELF,isin_mapping_final.csv:ca_date
INE878I01014,INE878I01022,2015-09-30,2999-12-31,1,LOW,isin_mapping_final.csv:ca_date
INE882B01029,INE882B01029,1900-01-01,2024-10-02,0,SELF,isin_mapping_final.csv:ca_date
INE882B01029,INE882B01037,2024-10-02,2999-12-31,1,HIGH,isin_mapping_final.csv:ca_date
INE884A01019,INE884A01019,1900-01-01,2021-04-30,0,SELF,isin_mapping_final.csv:ca_date
INE884A01019,INE884A01027,2021-04-30,2999-12-31,1,LOW,isin_mapping_final.csv:ca_date
INE885A01024,INE885A01024,1900-01-01,2012-09-24,0,SELF,isin_mapping_final.csv:ca_date
INE885A01024,INE885A01032,2012-09-24,2999-12-31,1,HIGH,isin_mapping_final.csv:ca_date
INE885E01034,INE885E01034,1900-01-01,2025-01-29,0,SELF,isin_mapping_final.csv:ca_date
INE885E01034,INE885E01042,2025-01-29,2999-12-31,1,HIGH,isin_mapping_final.csv:ca_date
INE885H01011,INE885H01011,1900-01-01,2024-09-12,0,SELF,isin_mapping_final.csv:ca_date
INE885H01011,INE885H01029,2024-09-12,2999-12-31,1,HIGH,isin_mapping_final.csv:ca_date
INE886D01018,INE886D01018,1900-01-01,2023-08-18,0,SELF,isin_mapping_final.csv:ca_date
INE886D01018,INE886D01026,2023-08-18,2999-12-31,1,HIGH,isin_mapping_final.csv:ca_date
INE888C01032,INE888C01032,1900-01-01,2020-04-08,0,SELF,isin_mapping_final.csv:ca_date
INE888C01032,INE888C01040,2020-04-08,2999-12-31,1,HIGH,isin_mapping_final.csv:ca_date
INE890A01016,INE890A01016,1900-01-01,2018-10-03,0,SELF,isin_mapping_final.csv:ca_date
INE890A01016,INE890A01024,2018-10-03,2999-12-31,1,HIGH,isin_mapping_final.csv:ca_date
INE890N01019,INE890N01019,1900-01-01,2025-01-09,0,SELF,isin_mapping_final.csv:ca_date
INE890N01019,INE890N01027,2025-01-09,2999-12-31,1,HIGH,isin_mapping_final.csv:ca_date
INE893J01011,INE893J01011,1900-01-01,2016-02-20,0,SELF,isin_mapping_final.csv:ca_date
INE893J01011,INE893J01029,2016-02-20,2999-12-31,1,HIGH,isin_mapping_final.csv:ca_date
INE898S20011,INE898S20011,1900-01-01,2022-04-26,0,SELF,isin_mapping_final.csv:ca_date
INE898S20011,IN9898S01019,2022-04-26,2999-12-31,1,HIGH,isin_mapping_final.csv:ca_date
INE899L01014,INE899L01014,1900-01-01,2012-12-26,0,SELF,isin_mapping_final.csv:ca_date
INE899L01014,INE899L01022,2012-12-26,2999-12-31,1,HIGH,isin_mapping_final.csv:ca_date
INE904G01012,INE904G01012,1900-01-01,2011-06-23,0,SELF,isin_mapping_final.csv:ca_date
INE904G01012,INE904G01020,2011-06-23,2013-03-25,1,HIGH,isin_mapping_final.csv:ca_date
INE904G01012,INE904G01038,2013-03-25,2999-12-31,2,HIGH,isin_mapping_final.csv:ca_date
INE904G01020,INE904G01020,1900-01-01,2013-03-25,0,SELF,isin_mapping_final.csv:ca_date
INE904G01020,INE904G01038,2013-03-25,2999-12-31,1,HIGH,isin_mapping_final.csv:ca_date
INE905P01010,INE905P01010,1900-01-01,2018-06-18,0,SELF,isin_mapping_final.csv:ca_date
INE905P01010,INE905P01028,2018-06-18,2999-12-31,1,HIGH,isin_mapping_final.csv:ca_date
INE906O01011,INE906O01011,1900-01-01,2024-03-04,0,SELF,isin_mapping_final.csv:ca_date
INE906O01011,INE906O01029,2024-03-04,2999-12-31,1,HIGH,isin_mapping_final.csv:ca_date
INE918I01018,INE918I01018,1900-01-01,2022-09-12,0,SELF,isin_mapping_final.csv:ca_date
INE918I01018,INE918I01026,2022-09-12,2999-12-31,1,HIGH,isin_mapping_final.csv:ca_date
INE920A01011,INE920A01011,1900-01-01,2017-05-22,0,SELF,isin_mapping_final.csv:ca_date
INE920A01011,INE920A01037,2017-05-22,2999-12-31,1,LOW,isin_mapping_final.csv:ca_date
INE926C01014,INE926C01014,1900-01-01,2022-10-14,0,SELF,isin_mapping_final.csv:ca_date
INE926C01014,INE926C01022,2022-10-14,2999-12-31,1,HIGH,isin_mapping_final.csv:ca_date
INE927A01024,INE927A01024,1900-01-01,2015-06-06,0,SELF,isin_mapping_final.csv:ca_date
INE927A01024,INE927A01032,2015-06-06,2016-09-26,1,HIGH,isin_mapping_final.csv:ca_date
INE927A01024,INE927A01040,2016-09-26,2999-12-31,2,HIGH,isin_mapping_final.csv:ca_date
INE927A01032,INE927A01032,1900-01-01,2016-09-26,0,SELF,isin_mapping_final.csv:ca_date
INE927A01032,INE927A01040,2016-09-26,2999-12-31,1,HIGH,isin_mapping_final.csv:ca_date
INE927D01028,INE927D01028,1900-01-01,2022-02-18,0,SELF,isin_mapping_final.csv:ca_date
INE927D01028,INE927D01044,2022-02-18,2025-01-30,1,HIGH,isin_mapping_final.csv:ca_date
INE927D01028,INE927D01051,2025-01-30,2999-12-31,2,HIGH,isin_mapping_final.csv:ca_date
INE927D01044,INE927D01044,1900-01-01,2025-01-30,0,SELF,isin_mapping_final.csv:ca_date
INE927D01044,INE927D01051,2025-01-30,2999-12-31,1,HIGH,isin_mapping_final.csv:ca_date
INE930H01015,INE930H01015,1900-01-01,2016-11-28,0,SELF,isin_mapping_final.csv:ca_date
INE930H01015,INE930H01023,2016-11-28,2021-09-23,1,HIGH,isin_mapping_final.csv:ca_date
INE930H01015,INE930H01031,2021-09-23,2999-12-31,2,HIGH,isin_mapping_final.csv:ca_date
INE930H01023,INE930H01023,1900-01-01,2021-09-23,0,SELF,isin_mapping_final.csv:ca_date
INE930H01023,INE930H01031,2021-09-23,2999-12-31,1,HIGH,isin_mapping_final.csv:ca_date
INE931D01012,INE931D01012,1900-01-01,2015-09-24,0,SELF,isin_mapping_final.csv:ca_date
INE931D01012,INE931D01020,2015-09-24,2999-12-31,1,HIGH,isin_mapping_final.csv:ca_date
INE932G01013,INE932G01013,1900-01-01,2011-02-10,0,SELF,isin_mapping_final.csv:ca_date
INE932G01013,INE932G01021,2011-02-10,2999-12-31,1,HIGH,isin_mapping_final.csv:ca_date
INE932X01018,INE932X01018,1900-01-01,2024-06-26,0,SELF,isin_mapping_final.csv:ca_date
INE932X01018,INE932X01026,2024-06-26,2999-12-31,1,HIGH,isin_mapping_final.csv:ca_date
INE933K01013,INE933K01013,1900-01-01,2011-05-04,0,SELF,isin_mapping_final.csv:ca_date
INE933K01013,INE933K01021,2011-05-04,2999-12-31,1,HIGH,isin_mapping_final.csv:ca_date
INE935N01012,INE935N01012,1900-01-01,2021-03-17,0,SELF,isin_mapping_final.csv:ca_date
INE935N01012,INE935N01020,2021-03-17,2999-12-31,1,HIGH,isin_mapping_final.csv:ca_date
INE940H01014,INE940H01014,1900-01-01,2024-01-04,0,SELF,isin_mapping_final.csv:ca_date
INE940H01014,INE940H01022,2024-01-04,2999-12-31,1,HIGH,isin_mapping_final.csv:ca_date
INE942C01029,INE942C01029,1900-01-01,2023-10-11,0,SELF,isin_mapping_final.csv:ca_date
INE942C01029,INE942C01045,2023-10-11,2999-12-31,1,HIGH,isin_mapping_final.csv:ca_date
INE947Q01010,INE947Q01010,1900-01-01,2020-09-28,0,SELF,isin_mapping_final.csv:ca_date
INE947Q01010,INE947Q01028,2020-09-28,2999-12-31,1,HIGH,isin_mapping_final.csv:ca_date
INE947T20014,INE947T20014,1900-01-01,2023-10-05,0,SELF,isin_mapping_final.csv:ca_date
INE947T20014,INE947T01014,2023-10-05,2999-12-31,1,MEDIUM,isin_mapping_final.csv:ca_date
INE949H01015,INE949H01015,1900-01-01,2014-08-27,0,SELF,isin_mapping_final.csv:ca_date
INE949H01015,INE949H01023,2014-08-27,2999-12-31,1,HIGH,isin_mapping_final.csv:ca_date
INE950G01015,INE950G01015,1900-01-01,2018-06-23,0,SELF,isin_mapping_final.csv:ca_date
INE950G01015,INE950G01023,2018-06-23,2999-12-31,1,HIGH,isin_mapping_final.csv:ca_date
INE951D01010,INE951D01010,1900-01-01,2014-09-16,0,SELF,isin_mapping_final.csv:ca_date
INE951D01010,INE951D01028,2014-09-16,2999-12-31,1,HIGH,isin_mapping_final.csv:ca_date
INE951I01019,INE951I01019,1900-01-01,2016-08-29,0,SELF,isin_mapping_final.csv:ca_date
INE951I01019,INE951I01027,2016-08-29,2999-12-31,1,HIGH,isin_mapping_final.csv:ca_date
INE952H01019,INE952H01019,1900-01-01,2014-03-24,0,SELF,isin_mapping_final.csv:ca_date
INE952H01019,INE952H01027,2014-03-24,2999-12-31,1,HIGH,isin_mapping_final.csv:ca_date
INE955I01028,INE955I01028,1900-01-01,2011-11-09,0,SELF,isin_mapping_final.csv:ca_date
INE955I01028,INE955I01044,2011-11-09,2999-12-31,1,MEDIUM,isin_mapping_final.csv:ca_date
INE955I01036,INE955I01036,1900-01-01,2013-12-20,0,SELF,isin_mapping_final.csv:ca_date
INE955I01036,INE955I01044,2013-12-20,2999-12-31,1,MEDIUM,isin_mapping_final.csv:ca_date
INE955V20013,INE955V20013,1900-01-01,2020-07-13,0,SELF,isin_mapping_final.csv:ca_date
INE955V20013,INE955V01021,2020-07-13,2999-12-31,1,MEDIUM,isin_mapping_final.csv:ca_date
INE955V20021,INE955V20021,1900-01-01,2021-03-05,0,SELF,isin_mapping_final.csv:ca_date
INE955V20021,INE955V01021,2021-03-05,2999-12-31,1,HIGH,isin_mapping_final.csv:ca_date
INE956G01020,INE956G01020,1900-01-01,2011-08-16,0,SELF,isin_mapping_final.csv:ca_date
INE956G01020,INE956G01038,2011-08-16,2999-12-31,1,HIGH,isin_mapping_final.csv:ca_date
INE959C01015,INE959C01015,1900-01-01,2017-08-30,0,SELF,isin_mapping_final.csv:ca_date
INE959C01015,INE959C01023,2017-08-30,2999-12-31,1,MEDIUM,isin_mapping_final.csv:ca_date
INE962Y01013,INE962Y01013,1900-01-01,2020-04-03,0,SELF,isin_mapping_final.csv:ca_date
INE962Y01013,INE962Y01021,2020-04-03,2999-12-31,1,HIGH,isin_mapping_final.csv:ca_date
INE964W01013,INE964W01013,1900-01-01,2023-11-09,0,SELF,isin_mapping_final.csv:ca_date
INE964W01013,INE964W01021,2023-11-09,2999-12-31,1,MEDIUM,isin_mapping_final.csv:ca_date
INE967H01017,INE967H01017,1900-01-01,2024-09-12,0,SELF,isin_mapping_final.csv:ca_date
INE967H01017,INE967H01025,2024-09-12,2999-12-31,1,HIGH,isin_mapping_final.csv:ca_date
INE968G01025,INE968G01025,1900-01-01,2012-03-22,0,SELF,isin_mapping_final.csv:ca_date
INE968G01025,INE968G01033,2012-03-22,2999-12-31,1,HIGH,isin_mapping_final.csv:ca_date
INE970N01019,INE970N01019,1900-01-01,2016-12-07,0,SELF,isin_mapping_final.csv:ca_date
INE970N01019,IN8970N01026,2016-12-07,2999-12-31,1,HIGH,isin_mapping_final.csv:ca_date
INE972X01014,INE972X01014,1900-01-01,2024-10-16,0,SELF,isin_mapping_final.csv:ca_date
INE972X01014,INE972X01022,2024-10-16,2999-12-31,1,HIGH,isin_mapping_final.csv:ca_date
INE976E01015,INE976E01015,1900-01-01,2017-01-27,0,SELF,isin_mapping_final.csv:ca_date
INE976E01015,INE976E01023,2017-01-27,2999-12-31,1,LOW,isin_mapping_final.csv:ca_date
INE976R01017,INE976R01017,1900-01-01,2025-02-06,0,SELF,isin_mapping_final.csv:ca_date
INE976R01017,INE976R01025,2025-02-06,2999-12-31,1,HIGH,isin_mapping_final.csv:ca_date
INE978A01019,INE978A01019,1900-01-01,2017-10-09,0,SELF,isin_mapping_final.csv:ca_date
INE978A01019,INE978A01027,2017-10-09,2999-12-31,1,HIGH,isin_mapping_final.csv:ca_date
INE978A20019,INE978A20019,1900-01-01,2023-02-02,0,SELF,isin_mapping_final.csv:ca_date
INE978A20019,INE978A01027,2023-02-02,2999-12-31,1,HIGH,isin_mapping_final.csv:ca_date
INE979A01017,INE979A01017,1900-01-01,2022-04-25,0,SELF,isin_mapping_final.csv:ca_date
INE979A01017,INE979A01025,2022-04-25,2999-12-31,1,HIGH,isin_mapping_final.csv:ca_date
INE981D01017,INE981D01017,1900-01-01,2017-01-02,0,SELF,isin_mapping_final.csv:ca_date
INE981D01017,INE981D01025,2017-01-02,2999-12-31,1,HIGH,isin_mapping_final.csv:ca_date
INE982B01019,INE982B01019,1900-01-01,2023-09-08,0,SELF,isin_mapping_final.csv:ca_date
INE982B01019,INE982B01027,2023-09-08,2999-12-31,1,LOW,isin_mapping_final.csv:ca_date
INE982F01028,INE982F01028,1900-01-01,2015-01-05,0,SELF,isin_mapping_final.csv:ca_date
INE982F01028,INE982F01036,2015-01-05,2999-12-31,1,HIGH,isin_mapping_final.csv:ca_date
INE985A01014,INE985A01014,1900-01-01,2018-09-03,0,SELF,isin_mapping_final.csv:ca_date
INE985A01014,INE985A01022,2018-09-03,2999-12-31,1,LOW,isin_mapping_final.csv:ca_date
INE987B01018,INE987B01018,1900-01-01,2015-11-24,0,SELF,isin_mapping_final.csv:ca_date
INE987B01018,INE987B01026,2015-11-24,2999-12-31,1,HIGH,isin_mapping_final.csv:ca_date
INE988E01010,INE988E01010,1900-01-01,2015-06-27,0,SELF,isin_mapping_final.csv:ca_date
INE988E01010,INE988E01028,2015-06-27,2016-09-23,1,HIGH,isin_mapping_final.csv:ca_date
INE988E01010,INE988E01036,2016-09-23,2999-12-31,2,HIGH,isin_mapping_final.csv:ca_date
INE988E01028,INE988E01028,1900-01-01,2016-09-23,0,SELF,isin_mapping_final.csv:ca_date
INE988E01028,INE988E01036,2016-09-23,2999-12-31,1,HIGH,isin_mapping_final.csv:ca_date
INE989A01024,INE989A01024,1900-01-01,2024-09-27,0,SELF,isin_mapping_final.csv:ca_date
INE989A01024,INE989A01032,2024-09-27,2999-12-31,1,HIGH,isin_mapping_final.csv:ca_date
INE989C01020,INE989C01020,1900-01-01,2024-12-04,0,SELF,isin_mapping_final.csv:ca_date
INE989C01020,INE989C01038,2024-12-04,2999-12-31,1,HIGH,isin_mapping_final.csv:ca_date
INE997Y01019,INE997Y01019,1900-01-01,2023-01-20,0,SELF,isin_mapping_final.csv:ca_date
INE997Y01019,INE997Y01027,2023-01-20,2999-12-31,1,MEDIUM,isin_mapping_final.csv:ca_date
INE999A01015,INE999A01015,1900-01-01,2024-07-24,0,SELF,isin_mapping_final.csv:ca_date
INE999A01015,INE999A01023,2024-07-24,2999-12-31,1,HIGH,isin_mapping_final.csv:ca_date
